Date,Open,High,Low,Close,Adj Close,Volume
7/1/2019,46.04199982,46.61999893,45.25600052,45.43399811,45.43399811,41067000
7/2/2019,45.77799988,45.83000183,44.44400024,44.90999985,44.90999985,46295000
7/3/2019,47.87799835,48.31399918,46.90200043,46.97999954,46.97999954,71005500
7/5/2019,46.91400146,47.09000015,46.15999985,46.61999893,46.61999893,35328500
7/8/2019,46.2480011,46.45000076,45.73199844,46.06800079,46.06800079,29402500
7/9/2019,45.79399872,46.20000076,45.45600128,46.01200104,46.01200104,30954000
7/10/2019,46.83000183,47.7879982,46.62799835,47.7840004,47.7840004,45728500
7/11/2019,47.62799835,48.29999924,47.15999985,47.72000122,47.72000122,37572000
7/12/2019,47.95000076,49.07600021,47.94200134,49.01599884,49.01599884,46002500
7/15/2019,49.59999847,50.88399887,48.97200012,50.70000076,50.70000076,55000500
7/16/2019,49.86000061,50.70600128,49.58599854,50.47600174,50.47600174,40745000
7/17/2019,51.13399887,51.66199875,50.66999817,50.97200012,50.97200012,48823500
7/18/2019,51.00999832,51.15000153,50.37799835,50.70800018,50.70800018,23793000
7/19/2019,51.13800049,51.99200058,50.92399979,51.63600159,51.63600159,35242000
7/22/2019,51.75,52.43000031,50.83800125,51.13600159,51.13600159,34212000
7/23/2019,51.34199905,52.09600067,50.90000153,52.0340004,52.0340004,25115500
7/24/2019,51.83399963,53.2140007,51.63199997,52.97600174,52.97600174,55364000
7/25/2019,46.70000076,46.90000153,45.11000061,45.76399994,45.76399994,112091500
7/26/2019,45.38399887,46.05199814,44.45000076,45.60800171,45.60800171,50138500
7/29/2019,45.41799927,47.18799973,45.20600128,47.15399933,47.15399933,46366500
7/30/2019,46.58000183,48.67200089,46.43600082,48.45199966,48.45199966,40545000
7/31/2019,48.59999847,49.33599854,47.33000183,48.3219986,48.3219986,45891000
8/1/2019,48.52999878,48.90200043,46.35400009,46.77000046,46.77000046,41297500
8/2/2019,46.27000046,47.25400162,45.84600067,46.86800003,46.86800003,30682500
8/5/2019,45.91999817,46.27399826,45.15599823,45.66400146,45.66400146,35141500
8/6/2019,46.37599945,46.5,45.15000153,46.15000153,46.15000153,27821000
8/7/2019,45.29999924,46.7140007,45.15999985,46.68399811,46.68399811,23882500
8/8/2019,46.88999939,47.95999908,46.52999878,47.65999985,47.65999985,26371500
8/9/2019,47.20999908,47.79199982,46.76200104,47.0019989,47.0019989,19491000
8/12/2019,46.59799957,47.15399933,45.75,45.80199814,45.80199814,23319500
8/13/2019,45.76200104,47.20000076,45.50999832,47,47,24240500
8/14/2019,46.24200058,46.29999924,43.33800125,43.92399979,43.92399979,47813000
8/15/2019,44.17200089,44.31200027,42.31000137,43.12799835,43.12799835,40798000
8/16/2019,43.33200073,44.44800186,43.20399857,43.98799896,43.98799896,25492500
8/19/2019,44.84199905,45.56600189,44.34000015,45.36600113,45.36600113,26548000
8/20/2019,45.52399826,45.81800079,44.90800095,45.17200089,45.17200089,20626000
8/21/2019,44.40200043,44.64400101,43.52000046,44.16600037,44.16600037,38971500
8/22/2019,44.56000137,45.08000183,43.64400101,44.43000031,44.43000031,32795000
8/23/2019,43.99399948,44.23400116,42.20000076,42.27999878,42.27999878,42693000
8/26/2019,42.72000122,43.00400162,42.30799866,43,43,25259500
8/27/2019,43.14799881,43.75999832,42.40599823,42.81600189,42.81600189,27081000
8/28/2019,42.73799896,43.45000076,42.4620018,43.11800003,43.11800003,16127500
8/29/2019,43.79999924,44.68000031,43.59999847,44.34199905,44.34199905,25897500
8/30/2019,45.83000183,46.48799896,44.84199905,45.12200165,45.12200165,46603000
9/3/2019,44.81600189,45.79000092,44.63199997,45.0019989,45.0019989,26770500
9/4/2019,45.37799835,45.69200134,43.84199905,44.13600159,44.13600159,28805000
9/5/2019,44.5,45.95999908,44.16999817,45.91600037,45.91600037,36976500
9/6/2019,45.43999863,45.9280014,45.0340004,45.49000168,45.49000168,20947000
9/9/2019,46,46.7519989,45.84600067,46.35800171,46.35800171,24013500
9/10/2019,46.15999985,47.10800171,45.7879982,47.10800171,47.10800171,24418500
9/11/2019,47.47600174,49.63399887,47.20000076,49.41999817,49.41999817,50214000
9/12/2019,49.54000092,50.70000076,48.88000107,49.17399979,49.17399979,42906000
9/13/2019,49.39199829,49.68999863,48.97399902,49.04000092,49.04000092,26565500
9/16/2019,49.20000076,49.48600006,48.23400116,48.56200027,48.56200027,23640500
9/17/2019,48.49399948,49.11999893,48.07400131,48.95800018,48.95800018,19327000
9/18/2019,49,49.63399887,48.47399902,48.69800186,48.69800186,20851000
9/19/2019,49.20000076,49.58800125,48.9679985,49.31999969,49.31999969,23979000
9/20/2019,49.29800034,49.38999939,47.63199997,48.12400055,48.12400055,31765000
9/23/2019,48,49.0359993,47.84400177,48.24599838,48.24599838,21701000
9/24/2019,48.30400085,48.39799881,44.52199936,44.64199829,44.64199829,64457500
9/25/2019,44.91199875,45.79600143,43.67200089,45.74000168,45.74000168,47135500
9/26/2019,46.13199997,48.66199875,45.47999954,48.51200104,48.51200104,59422500
9/27/2019,48.43999863,49.74200058,47.74599838,48.42599869,48.42599869,55582000
9/30/2019,48.59999847,48.79600143,47.22200012,48.17399979,48.17399979,29399000
10/1/2019,48.29999924,49.18999863,47.82600021,48.93799973,48.93799973,30813000
10/2/2019,48.65800095,48.93000031,47.88600159,48.62599945,48.62599945,28157000
10/3/2019,46.37200165,46.89599991,44.85599899,46.60599899,46.60599899,75422500
10/4/2019,46.3219986,46.95600128,45.61399841,46.2859993,46.2859993,39975000
10/7/2019,45.95999908,47.7120018,45.70999908,47.54399872,47.54399872,40321000
10/8/2019,47.17399979,48.7879982,46.90000153,48.00999832,48.00999832,43391000
10/9/2019,48.26399994,49.45999908,48.13000107,48.90599823,48.90599823,34472000
10/10/2019,49.05599976,49.85599899,48.31600189,48.94800186,48.94800186,31416500
10/11/2019,49.43000031,50.2159996,49.36199951,49.57799911,49.57799911,42377000
10/14/2019,49.58000183,51.70999908,49.42599869,51.39199829,51.39199829,51025000
10/15/2019,51.54000092,52,50.82400131,51.57799911,51.57799911,32164000
10/16/2019,51.47800064,52.41999817,51.38399887,51.95000076,51.95000076,33420500
10/17/2019,52.5,52.95600128,52.0340004,52.39400101,52.39400101,23846500
10/18/2019,52.13999939,52.56000137,51.02000046,51.38999939,51.38999939,28749000
10/21/2019,51.66600037,51.90000153,50.0359993,50.70000076,50.70000076,25101500
10/22/2019,50.86399841,51.66600037,50.16999817,51.11600113,51.11600113,23004000
10/23/2019,50.90000153,51.22800064,50.27000046,50.93600082,50.93600082,26305500
10/24/2019,59.67399979,60.98600006,57.84000015,59.93600082,59.93600082,148604500
10/25/2019,59.54399872,66,59.22200012,65.62599945,65.62599945,150030500
10/28/2019,65.50800323,68.16799927,64.51999664,65.54199982,65.54199982,94351500
10/29/2019,63.9980011,64.86000061,62.95000076,63.24399948,63.24399948,63421500
10/30/2019,62.59999847,63.75799942,61.99399948,63.0019989,63.0019989,48209000
10/31/2019,62.61999893,63.79999924,62.59999847,62.98400116,62.98400116,25335000
11/1/2019,63.26399994,63.29600143,61.95999908,62.66199875,62.66199875,31919500
11/4/2019,62.95999908,64.38800049,61.85200119,63.49399948,63.49399948,43935000
11/5/2019,63.92399979,64.70200348,63.22399902,63.44400024,63.44400024,34717000
11/6/2019,63.59999847,65.34400177,62.90000153,65.31600189,65.31600189,39704500
11/7/2019,65.82800293,68.30000305,65.60399628,67.10800171,67.10800171,72336500
11/8/2019,66.90000153,67.49199677,66.5,67.4280014,67.4280014,30346000
11/11/2019,68.79000092,69.83799744,68.40000153,69.01799774,69.01799774,49933500
11/12/2019,69.37999725,70.0739975,68.80799866,69.98600006,69.98600006,36797000
11/13/2019,71,71.26599884,69.03600311,69.22200012,69.22200012,42100500
11/14/2019,69.22200012,70.76799774,68.58200073,69.87000275,69.87000275,32324500
11/15/2019,70.12799835,70.55999756,69.67199707,70.43399811,70.43399811,24045000
11/18/2019,70.58399963,70.62999725,69.22000122,69.9980011,69.9980011,22002000
11/19/2019,70.34999847,71.9980011,69.55999756,71.90399933,71.90399933,38624000
11/20/2019,72,72.23999786,69.91400146,70.44400024,70.44400024,33625500
11/21/2019,70.90200043,72.16799927,70.80000305,70.96600342,70.96600342,30550000
11/22/2019,68.03199768,68.19999695,66,66.60800171,66.60800171,84353000
11/25/2019,68.86399841,68.91400146,66.89199829,67.26799774,67.26799774,61697500
11/26/2019,67.05400085,67.09999847,65.41999817,65.78399658,65.78399658,39737000
11/27/2019,66.22399902,66.78600311,65.71399689,66.25800323,66.25800323,27778000
11/29/2019,66.22200012,66.2519989,65.5,65.98799896,65.98799896,12328000
12/2/2019,65.87999725,67.27600098,65.73799896,66.97399902,66.97399902,30372500
12/3/2019,66.52400208,67.58200073,66.43800354,67.23999786,67.23999786,32868500
12/4/2019,67.55000305,67.5719986,66.56999969,66.60600281,66.60600281,27665000
12/5/2019,66.56600189,66.88400269,65.44999695,66.0739975,66.0739975,18623000
12/6/2019,67,67.77200317,66.95400238,67.1780014,67.1780014,38062000
12/9/2019,67.31800079,68.88999939,67.01599884,67.90599823,67.90599823,45115500
12/10/2019,67.99199677,70.14600372,67.86199951,69.76799774,69.76799774,44141500
12/11/2019,70.37599945,71.43800354,70.21800232,70.54000092,70.54000092,34489000
12/12/2019,70.98400116,72.54799652,70.64600372,71.93599701,71.93599701,38819500
12/13/2019,72.20999908,73.04199982,70.9280014,71.6780014,71.6780014,32854500
12/16/2019,72.51000214,76.72200012,72.5,76.30000305,76.30000305,90871000
12/17/2019,75.79799652,77.09999847,75.18000031,75.79799652,75.79799652,42484000
12/18/2019,76.12599945,79.04399872,76.11599731,78.62999725,78.62999725,70605000
12/19/2019,79.46399689,81.37000275,79.30000305,80.80799866,80.80799866,90535500
12/20/2019,82.05799866,82.59999847,80.03800201,81.11799622,81.11799622,73763500
12/23/2019,82.35600281,84.40200043,82,83.84400177,83.84400177,66598000
12/24/2019,83.67199707,85.09400177,82.53800201,85.05000305,85.05000305,40273500
12/26/2019,85.58200073,86.69599915,85.26999664,86.18800354,86.18800354,53169500
12/27/2019,87,87.06199646,85.22200012,86.0759964,86.0759964,49728500
12/30/2019,85.75800323,85.80000305,81.85199738,82.94000244,82.94000244,62932000
12/31/2019,81,84.25800323,80.41600037,83.66600037,83.66600037,51428500
1/2/2020,84.90000153,86.13999939,84.34200287,86.05200195,86.05200195,47660500
1/3/2020,88.09999847,90.80000305,87.38400269,88.60199738,88.60199738,88892500
1/6/2020,88.09400177,90.31199646,88,90.30799866,90.30799866,50665000
1/7/2020,92.27999878,94.3259964,90.67199707,93.81199646,93.81199646,89410500
1/8/2020,94.73999786,99.69799805,93.64600372,98.4280014,98.4280014,155721500
1/9/2020,99.41999817,99.76000214,94.5739975,96.26799774,96.26799774,142202000
1/10/2020,96.35800171,96.98799896,94.73999786,95.62999725,95.62999725,64797500
1/13/2020,98.69999695,105.1259995,98.40000153,104.9720001,104.9720001,132588000
1/14/2020,108.8519974,109.4820023,104.9800034,107.5839996,107.5839996,144981000
1/15/2020,105.9520035,107.5680008,103.3580017,103.6999969,103.6999969,86844000
1/16/2020,98.75,102.8919983,98.43399811,102.697998,102.697998,108683500
1/17/2020,101.5220032,103.1340027,100.6320038,102.0999985,102.0999985,68145500
1/21/2020,106.0500031,109.7160034,105.6819992,109.4400024,109.4400024,89017500
1/22/2020,114.3779984,118.9000015,111.8199997,113.9120026,113.9120026,156845000
1/23/2020,112.8499985,116.4000015,111.1200027,114.4400024,114.4400024,98255000
1/24/2020,114.1259995,114.7720032,110.8519974,112.9639969,112.9639969,71768000
1/27/2020,108.3980026,112.8880005,107.8560028,111.6039963,111.6039963,68040500
1/28/2020,113.697998,115.3619995,111.6159973,113.3799973,113.3799973,58942500
1/29/2020,115.1380005,117.9599991,113.4860001,116.197998,116.197998,89007500
1/30/2020,126.4840012,130.1759949,123.5999985,128.1620026,128.1620026,145028500
1/31/2020,128,130.6000061,126.5039978,130.1139984,130.1139984,78596500
2/3/2020,134.7380066,157.2279968,134.7039948,156,156,235325000
2/4/2020,176.5919952,193.7980042,166.776001,177.4120026,177.4120026,304694000
2/5/2020,164.6519928,169.1959991,140.8220062,146.9400024,146.9400024,242119000
2/6/2020,139.9839935,159.1660004,137.3999939,149.7920074,149.7920074,199404000
2/7/2020,146.1100006,153.9499969,146,149.6139984,149.6139984,85317500
2/10/2020,160,163.9980011,150.4799957,154.2559967,154.2559967,123446000
2/11/2020,153.7579956,156.7019958,151.6000061,154.8760071,154.8760071,58487500
2/12/2020,155.5740051,157.9499969,152.673996,153.4579926,153.4579926,60112500
2/13/2020,148.3679962,163.6000061,147,160.8000031,160.8000031,131446500
2/14/2020,157.4440002,162.5939941,157.1000061,160.0059967,160.0059967,78468500
2/18/2020,168.3200073,172,166.4720001,171.6799927,171.6799927,81908500
2/19/2020,184.6999969,188.9559937,180.2039948,183.4839935,183.4839935,127115000
2/20/2020,182.3899994,182.3999939,171.9880066,179.8820038,179.8820038,88174500
2/21/2020,181.3959961,182.6119995,176.0899963,180.1999969,180.1999969,71574000
2/24/2020,167.8000031,172.6999969,164.4400024,166.7579956,166.7579956,75961000
2/25/2020,169.8000031,171.3200073,157.3999939,159.9819946,159.9819946,86452500
2/26/2020,156.5,162.6620026,155.2220001,155.7599945,155.7599945,70427500
2/27/2020,146,147.9539948,133.8000031,135.8000031,135.8000031,121386000
2/28/2020,125.9400024,138.1040039,122.3040009,133.5980072,133.5980072,121114500
3/2/2020,142.2519989,148.7380066,137.3339996,148.723999,148.723999,100975000
3/3/2020,161,161.3959961,143.2220001,149.102005,149.102005,128920000
3/4/2020,152.7920074,153.3040009,144.9459991,149.8999939,149.8999939,75245000
3/5/2020,144.7539978,149.1499939,143.6139984,144.9080048,144.9080048,54263500
3/6/2020,138,141.3999939,136.8540039,140.6959991,140.6959991,63314500
3/9/2020,121.0780029,132.6000061,121,121.5999985,121.5999985,85368500
3/10/2020,131.8860016,133.6000061,121.5999985,129.0659943,129.0659943,77972000
3/11/2020,128.0399933,130.7160034,122.5999985,126.8460007,126.8460007,66612500
3/12/2020,116.1780014,118.9000015,109.25,112.1100006,112.1100006,94545500
3/13/2020,119,121.5139999,100.4000015,109.3239975,109.3239975,113201500
3/16/2020,93.90000153,98.97399902,88.43399811,89.01399994,89.01399994,102447500
3/17/2020,88.0019989,94.37000275,79.19999695,86.04000092,86.04000092,119973000
3/18/2020,77.80000305,80.97200012,70.10199738,72.2440033,72.2440033,118931000
3/19/2020,74.94000244,90.40000153,71.69200134,85.52799988,85.52799988,150977500
3/20/2020,87.63999939,95.40000153,85.15799713,85.5059967,85.5059967,141427500
3/23/2020,86.72000122,88.40000153,82.09999847,86.85800171,86.85800171,82272500
3/24/2020,95.45999908,102.737999,94.80000305,101,101,114476000
3/25/2020,109.0500031,111.4000015,102.2220001,107.8499985,107.8499985,106113500
3/26/2020,109.4779968,112,102.4499969,105.6320038,105.6320038,86903500
3/27/2020,101,105.1600037,98.80599976,102.8720016,102.8720016,71887000
3/30/2020,102.052002,103.3300018,98.2460022,100.4260025,100.4260025,59990500
3/31/2020,100.25,108.5920029,99.40000153,104.8000031,104.8000031,88857500
4/1/2020,100.8000031,102.7900009,95.01999664,96.31199646,96.31199646,66766000
4/2/2020,96.20600128,98.85199738,89.27999878,90.89399719,90.89399719,99292000
4/3/2020,101.9000015,103.0979996,93.6780014,96.0019989,96.0019989,112810500
4/6/2020,102.2399979,104.1999969,99.59200287,103.2480011,103.2480011,74509000
4/7/2020,109,113,106.4680023,109.0899963,109.0899963,89599000
4/8/2020,110.8399963,111.4420013,106.6660004,109.7679977,109.7679977,63280000
4/9/2020,112.4179993,115.0360031,111.4219971,114.5999985,114.5999985,68250000
4/13/2020,118.0319977,130.3999939,116.1060028,130.1900024,130.1900024,112377000
4/14/2020,139.7940063,148.3760071,138.4859924,141.9779968,141.9779968,152882500
4/15/2020,148.3999939,150.6260071,142,145.9660034,145.9660034,117885000
4/16/2020,143.3880005,151.8899994,141.3439941,149.0420074,149.0420074,103289500
4/17/2020,154.4559937,154.9900055,149.5319977,150.7779999,150.7779999,65641000
4/20/2020,146.5399933,153.1139984,142.4420013,149.2720032,149.2720032,73733000
4/21/2020,146.0240021,150.6660004,134.7579956,137.3439941,137.3439941,101045500
4/22/2020,140.7960052,146.8000031,137.7420044,146.4219971,146.4219971,70827500
4/23/2020,145.5200043,146.8000031,140.6260071,141.1260071,141.1260071,66183500
4/24/2020,142.1620026,146.1459961,139.6360016,145.0299988,145.0299988,66060000
4/27/2020,147.5220032,159.897995,147,159.75,159.75,103407000
4/28/2020,159.128006,161,151.3379974,153.8240051,153.8240051,76110000
4/29/2020,158.0339966,160.6399994,156.6320038,160.102005,160.102005,81080000
4/30/2020,171.0379944,173.9640045,152.6999969,156.3760071,156.3760071,142359500
5/1/2020,151,154.5540009,136.6080017,140.2640076,140.2640076,162659000
5/4/2020,140.1999969,152.3999939,139.6000061,152.2380066,152.2380066,96185500
5/5/2020,157.9579926,159.7839966,152.4360046,153.6419983,153.6419983,84958500
5/6/2020,155.3000031,157.9600067,152.2220001,156.5160065,156.5160065,55616000
5/7/2020,155.4420013,159.2799988,154.4700012,156.0079956,156.0079956,57638500
5/8/2020,158.7539978,164.8000031,157.4019928,163.8840027,163.8840027,80432500
5/11/2020,158.102005,164.8000031,157,162.2579956,162.2579956,82598000
5/12/2020,165.3999939,168.6580048,161.6000061,161.8820038,161.8820038,79534500
5/13/2020,164.1660004,165.1999969,152.6600037,158.1920013,158.1920013,95327500
5/14/2020,156,160.6719971,152.8000031,160.6660004,160.6660004,68411000
5/15/2020,158.0700073,161.0099945,157.3099976,159.8339996,159.8339996,52592000
5/18/2020,165.5559998,166.9440002,160.776001,162.7259979,162.7259979,58329000
5/19/2020,163.0339966,164.4140015,161.2160034,161.602005,161.602005,48182500
5/20/2020,164.1000061,165.1999969,162.3600006,163.1119995,163.1119995,36546500
5/21/2020,163.1999969,166.5,159.1999969,165.5200043,165.5200043,61273000
5/22/2020,164.4340057,166.3560028,162.3999939,163.3760071,163.3760071,49937500
5/26/2020,166.8999939,166.9199982,163.1419983,163.7740021,163.7740021,40448500
5/27/2020,164.1719971,165.5420074,157,164.0460052,164.0460052,57747500
5/28/2020,162.7019958,164.9499969,160.3379974,161.1620026,161.1620026,36278000
5/29/2020,161.75,167,160.8419952,167,167,58822500
6/1/2020,171.6000061,179.8000031,170.8200073,179.6199951,179.6199951,74697500
6/2/2020,178.9400024,181.7319946,174.1999969,176.3119965,176.3119965,67828000
6/3/2020,177.6239929,179.5879974,176.0200043,176.5919952,176.5919952,39747500
6/4/2020,177.9759979,179.1499939,171.6880035,172.8760071,172.8760071,44438500
6/5/2020,175.5679932,177.3040009,173.2400055,177.1320038,177.1320038,39059500
6/8/2020,183.8000031,190,181.8320007,189.9839935,189.9839935,70873500
6/9/2020,188.0019989,190.8880005,184.7859955,188.1340027,188.1340027,56941000
6/10/2020,198.3760071,205.4960022,196.5,205.0099945,205.0099945,92817000
6/11/2020,198.0399933,203.7920074,194.3999939,194.5679932,194.5679932,79582500
6/12/2020,196,197.595993,182.5200043,187.0559998,187.0559998,83817000
6/15/2020,183.5579987,199.7680054,181.6999969,198.1799927,198.1799927,78486000
6/16/2020,202.3699951,202.576004,192.4779968,196.4259949,196.4259949,70255500
6/17/2020,197.5420074,201,196.5140076,198.3580017,198.3580017,49454000
6/18/2020,200.6000061,203.8399963,198.8939972,200.7920074,200.7920074,48759500
6/19/2020,202.5559998,203.1940002,198.2680054,200.1799927,200.1799927,43398500
6/22/2020,199.9900055,201.776001,198.0039978,198.8639984,198.8639984,31812000
6/23/2020,199.776001,202.3999939,198.802002,200.3560028,200.3560028,31826500
6/24/2020,198.8220062,200.1759949,190.628006,192.1699982,192.1699982,54798000
6/25/2020,190.8540039,197.1959991,187.4299927,197.1959991,197.1959991,46272500
6/26/2020,198.9559937,199,190.973999,191.947998,191.947998,44274500
6/29/2020,193.802002,202,189.7039948,201.8699951,201.8699951,45132000
6/30/2020,201.3000031,217.5379944,200.7460022,215.9620056,215.9620056,84592500
7/1/2020,216.6000061,227.0659943,216.1000061,223.9259949,223.9259949,66634500
7/2/2020,244.2960052,245.6000061,237.1199951,241.7319946,241.7319946,86250500
7/6/2020,255.3379974,275.5580139,253.2079926,274.3160095,274.3160095,102849500
7/7/2020,281.0020142,285.8999939,267.3420105,277.9719849,277.9719849,107448500
7/8/2020,281,283.4519958,262.2680054,273.1759949,273.1759949,81556500
7/9/2020,279.3980103,281.7120056,270.256012,278.8559875,278.8559875,58588000
7/10/2020,279.2000122,309.7839966,275.2019958,308.9299927,308.9299927,116688000
7/13/2020,331.7999878,358.9979858,294.2219849,299.4119873,299.4119873,194927000
7/14/2020,311.2000122,318,286.2000122,303.3599854,303.3599854,117090500
7/15/2020,308.6000061,310,291.3999939,309.2019958,309.2019958,81839000
7/16/2020,295.4320068,306.3420105,293.2000122,300.1279907,300.1279907,71504000
7/17/2020,302.6900024,307.5020142,298,300.1679993,300.1679993,46650000
7/20/2020,303.802002,330,297.6000061,328.6000061,328.6000061,85607000
7/21/2020,327.9859924,335,311.6000061,313.6719971,313.6719971,80536000
7/22/2020,319.7999878,325.2839966,312.3999939,318.4660034,318.4660034,70805500
7/23/2020,335.7900085,337.7999878,296.1539917,302.6140137,302.6140137,121642500
7/24/2020,283.2019958,293,273.3080139,283.3999939,283.3999939,96983000
7/27/2020,287,309.5880127,282.6000061,307.9200134,307.9200134,80243500
7/28/2020,300.7999878,312.9400024,294.8840027,295.2980042,295.2980042,79043500
7/29/2020,300.2000122,306.9620056,297.3999939,299.821991,299.821991,47134500
7/30/2020,297.6000061,302.6480103,294.2000122,297.4979858,297.4979858,38105000
7/31/2020,303,303.4100037,284.1960144,286.1520081,286.1520081,61041000
8/3/2020,289.8399963,301.9620056,288.8760071,297,297,44046500
8/4/2020,299.0020142,305.4819946,292.3999939,297.3999939,297.3999939,42075000
8/5/2020,298.5979919,299.9679871,293.6619873,297.0039978,297.0039978,24739000
8/6/2020,298.1659851,303.4620056,295.4519958,297.9159851,297.9159851,29961500
8/7/2020,299.9079895,299.9500122,283.0020142,290.5419922,290.5419922,44482000
8/10/2020,289.6000061,291.5,277.1679993,283.7139893,283.7139893,37611500
8/11/2020,279.2000122,284,273,274.8779907,274.8779907,43129000
8/12/2020,294,317,287,310.9519958,310.9519958,109147000
8/13/2020,322.2000122,330.2359924,313.4519958,324.2000122,324.2000122,102126500
8/14/2020,332.9979858,333.7600098,325.3280029,330.1419983,330.1419983,62888000
8/17/2020,335.3999939,369.1719971,334.5660095,367.1279907,367.1279907,101211500
8/18/2020,379.7980042,384.7799988,369.0220032,377.4179993,377.4179993,82372500
8/19/2020,373,382.2000122,368.2420044,375.7059937,375.7059937,61026500
8/20/2020,372.1359863,404.3980103,371.4119873,400.3659973,400.3659973,103059000
8/21/2020,408.9519958,419.0979919,405.0100098,409.9960022,409.9960022,107448000
8/24/2020,425.256012,425.7999878,385.5039978,402.8399963,402.8399963,100318000
8/25/2020,394.9779968,405.5899963,393.6000061,404.6679993,404.6679993,53294500
8/26/2020,412,433.2000122,410.7260132,430.6340027,430.6340027,71197000
8/27/2020,436.0920105,459.1199951,428.5,447.75,447.75,118465000
8/28/2020,459.0239868,463.697998,437.3039856,442.6799927,442.6799927,100406000
8/31/2020,444.6099854,500.1400146,440.1099854,498.3200073,498.3200073,118374400
9/1/2020,502.1400146,502.4899902,470.5100098,475.0499878,475.0499878,89841100
9/2/2020,478.9899902,479.0400085,405.1199951,447.3699951,447.3699951,96176100
9/3/2020,407.230011,431.7999878,402,407,407,87596100
9/4/2020,402.8099976,428,372.019989,418.3200073,418.3200073,110321900
9/8/2020,356,368.7399902,329.8800049,330.2099915,330.2099915,115465700
9/9/2020,356.6000061,369,341.5100098,366.2799988,366.2799988,79465800
9/10/2020,386.2099915,398.9899902,360.5599976,371.3399963,371.3399963,84930600
9/11/2020,381.9400024,382.5,360.5,372.7200012,372.7200012,60717500
9/14/2020,380.9500122,420,373.2999878,419.6199951,419.6199951,83020600
9/15/2020,436.5599976,461.9400024,430.7000122,449.7600098,449.7600098,97298200
9/16/2020,439.8699951,457.7900085,435.3099976,441.7600098,441.7600098,72279300
9/17/2020,415.6000061,437.7900085,408,423.4299927,423.4299927,76779200
9/18/2020,447.9400024,451,428.7999878,442.1499939,442.1499939,86406800
9/21/2020,453.1300049,455.6799927,407.0700073,449.3900146,449.3900146,109476800
9/22/2020,429.6000061,437.7600098,417.6000061,424.230011,424.230011,79580800
9/23/2020,405.1600037,412.1499939,375.8800049,380.3599854,380.3599854,95074200
9/24/2020,363.7999878,399.5,351.2999878,387.7900085,387.7900085,96561100
9/25/2020,393.4700012,408.730011,391.2999878,407.3399963,407.3399963,67208500
9/28/2020,424.6199951,428.0799866,415.5499878,421.2000122,421.2000122,49719600
9/29/2020,416,428.5,411.6000061,419.0700073,419.0700073,50219300
9/30/2020,421.3200073,433.9299927,420.4700012,429.0100098,429.0100098,48145600
10/1/2020,440.7600098,448.8800049,434.4200134,448.1600037,448.1600037,50741500
10/2/2020,421.3900146,439.1300049,415,415.0899963,415.0899963,71430000
10/5/2020,423.3500061,433.6400146,419.3299866,425.6799927,425.6799927,44722800
10/6/2020,423.7900085,428.7799988,406.0499878,413.980011,413.980011,49146300
10/7/2020,419.8699951,429.8999939,413.8500061,425.2999878,425.2999878,43127700
10/8/2020,438.4400024,439,425.2999878,425.9200134,425.9200134,40421100
10/9/2020,430.1300049,434.5899963,426.4599915,434,434,28925700
10/12/2020,442,448.7399902,438.5799866,442.2999878,442.2999878,38791100
10/13/2020,443.3500061,448.8900146,436.6000061,446.6499939,446.6499939,34463700
10/14/2020,449.7799988,465.8999939,447.3500061,461.2999878,461.2999878,47879700
10/15/2020,450.3099976,456.5700073,442.5,448.8800049,448.8800049,35672400
10/16/2020,454.4400024,455.9500122,438.8500061,439.6700134,439.6700134,32775900
10/19/2020,446.2399902,447,428.8699951,430.8299866,430.8299866,36287800
10/20/2020,431.75,431.75,419.0499878,421.9400024,421.9400024,31656300
10/21/2020,422.7000122,432.9500122,421.25,422.6400146,422.6400146,32370500
10/22/2020,441.9200134,445.230011,424.5100098,425.7900085,425.7900085,39993200
10/23/2020,421.8399963,422.8900146,407.3800049,420.6300049,420.6300049,33717000
10/26/2020,411.6300049,425.7600098,410,420.2799988,420.2799988,28239200
10/27/2020,423.7600098,430.5,420.1000061,424.6799927,424.6799927,22686500
10/28/2020,416.480011,418.6000061,406,406.019989,406.019989,25451400
10/29/2020,409.9599915,418.0599976,406.4599915,410.8299866,410.8299866,22655300
10/30/2020,406.8999939,407.5899963,379.1099854,388.0400085,388.0400085,42511300
11/2/2020,394,406.980011,392.2999878,400.5100098,400.5100098,29021100
11/3/2020,409.730011,427.769989,406.6900024,423.8999939,423.8999939,34351700
11/4/2020,430.6199951,435.3999939,417.1000061,420.980011,420.980011,32143100
11/5/2020,428.2999878,440,424,438.0899963,438.0899963,28414500
11/6/2020,436.1000061,436.5700073,424.2799988,429.9500122,429.9500122,21706000
11/9/2020,439.5,452.5,421,421.2600098,421.2600098,34833000
11/10/2020,420.0899963,420.0899963,396.0299988,410.3599854,410.3599854,30284200
11/11/2020,416.4500122,418.7000122,410.5799866,417.1300049,417.1300049,17357700
11/12/2020,415.0499878,423,409.519989,411.7600098,411.7600098,19855100
11/13/2020,410.8500061,412.5299988,401.6600037,408.5,408.5,19771100
11/16/2020,408.9299927,412.4500122,404.0899963,408.0899963,408.0899963,26838600
11/17/2020,460.1700134,462,433.0100098,441.6099854,441.6099854,61188300
11/18/2020,448.3500061,496,443.5,486.6400146,486.6400146,78044000
11/19/2020,492,508.6099854,487.5700073,499.269989,499.269989,62475300
11/20/2020,497.9899902,502.5,489.0599976,489.6099854,489.6099854,32911900
11/23/2020,503.5,526,501.7900085,521.8499756,521.8499756,50260300
11/24/2020,540.4000244,559.9899902,526.2000122,555.3800049,555.3800049,53648500
11/25/2020,550.0599976,574,545.3699951,574,574,48930200
11/27/2020,581.1599731,598.7800293,578.4500122,585.7600098,585.7600098,37561100
11/30/2020,602.210022,607.7999878,554.5100098,567.5999756,567.5999756,63003100
12/1/2020,597.5900269,597.8499756,572.0499878,584.7600098,584.7600098,40103500
12/2/2020,556.4400024,571.539978,541.210022,568.8200073,568.8200073,47775700
12/3/2020,590.0200195,598.9699707,582.4299927,593.3800049,593.3800049,42552000
12/4/2020,591.0100098,599.039978,585.5,599.039978,599.039978,29401300
12/7/2020,604.9199829,648.789978,603.0499878,641.7600098,641.7600098,56309700
12/8/2020,625.5100098,651.2800293,618.5,649.8800049,649.8800049,64265000
12/9/2020,653.6900024,654.3200073,588,604.4799805,604.4799805,71291200
12/10/2020,574.3699951,627.75,566.3400269,627.0700073,627.0700073,67083200
12/11/2020,615.0100098,624,596.7999878,609.9899902,609.9899902,46475000
12/14/2020,619,642.75,610.2000122,639.8300171,639.8300171,52040600
12/15/2020,643.2800293,646.9000244,623.7999878,633.25,633.25,45071500
12/16/2020,628.2299805,632.5,605,622.7700195,622.7700195,42095800
12/17/2020,628.1900024,658.8200073,619.5,655.9000244,655.9000244,56270100
12/18/2020,668.9000244,695,628.539978,695,695,222126200
12/21/2020,666.2399902,668.5,646.0700073,649.8599854,649.8599854,58045300
12/22/2020,648,649.8800049,614.2299805,640.3400269,640.3400269,51716000
12/23/2020,632.2000122,651.5,622.5700073,645.9799805,645.9799805,33173000
12/24/2020,642.9899902,666.0900269,641,661.7700195,661.7700195,22865600
12/28/2020,674.5100098,681.4000244,660.7999878,663.6900024,663.6900024,32278600
12/29/2020,661,669.9000244,655,665.9899902,665.9899902,22910800
12/30/2020,672,696.5999756,668.3599854,694.7800293,694.7800293,42846000
12/31/2020,699.9899902,718.7199707,691.1199951,705.6699829,705.6699829,49649900
1/4/2021,719.460022,744.4899902,717.1900024,729.7700195,729.7700195,48638200
1/5/2021,723.6599731,740.8400269,719.2000122,735.1099854,735.1099854,32245200
1/6/2021,758.4899902,774,749.0999756,755.9799805,755.9799805,44700000
1/7/2021,777.6300049,816.9899902,775.2000122,816.039978,816.039978,51498900
1/8/2021,856,884.4899902,838.3900146,880.0200195,880.0200195,75055500
1/11/2021,849.4000244,854.4299927,803.6199951,811.1900024,811.1900024,59301600
1/12/2021,831,868,827.3400269,849.4400024,849.4400024,46270700
1/13/2021,852.7600098,860.4699707,832,854.4099731,854.4099731,33312500
1/14/2021,843.3900146,863,838.75,845,845,31266300
1/15/2021,852,859.9000244,819.0999756,826.1599731,826.1599731,38777600
1/19/2021,837.7999878,850,833,844.5499878,844.5499878,25367000
1/20/2021,858.7399902,859.5,837.2800293,850.4500122,850.4500122,25665900
1/21/2021,855,855.7199707,841.4199829,844.9899902,844.9899902,20521100
1/22/2021,834.3099976,848,828.6199951,846.6400146,846.6400146,20066500
1/25/2021,855,900.4000244,838.8200073,880.7999878,880.7999878,41173400
1/26/2021,891.3800049,895.9000244,871.5999756,883.0900269,883.0900269,23131600
1/27/2021,870.3499756,891.5,858.6599731,864.1599731,864.1599731,27334000
1/28/2021,820,848,801,835.4299927,835.4299927,26378000
1/29/2021,830,842.4099731,780.0999756,793.5300293,793.5300293,34990800
2/1/2021,814.289978,842,795.5599976,839.8099976,839.8099976,25391400
2/2/2021,844.6799927,880.5,842.2000122,872.789978,872.789978,24346200
2/3/2021,877.0200195,878.0800171,853.0599976,854.6900024,854.6900024,18343500
2/4/2021,855,856.5,833.4199829,849.9899902,849.9899902,15812700
2/5/2021,845,864.7700195,838.9699707,852.2299805,852.2299805,18566600
2/8/2021,869.6699829,877.7700195,854.75,863.4199829,863.4199829,20161700
2/9/2021,855.1199951,859.7999878,841.75,849.460022,849.460022,15157700
2/10/2021,843.6400146,844.8200073,800.0200195,804.8200073,804.8200073,36216100
2/11/2021,812.4400024,829.8800049,801.7299805,811.6599731,811.6599731,21622800
2/12/2021,801.2600098,817.3300171,785.3300171,816.1199951,816.1199951,23768300
2/16/2021,818,821,792.4400024,796.2199707,796.2199707,19802300
2/17/2021,779.0900269,799.8400269,762.0100098,798.1500244,798.1500244,25996500
2/18/2021,780.9000244,794.6900024,776.2700195,787.3800049,787.3800049,17957100
2/19/2021,795,796.789978,777.3699951,781.2999878,781.2999878,18958300
2/22/2021,762.6400146,768.5,710.2000122,714.5,714.5,37269700
2/23/2021,662.1300049,713.6099854,619,698.8400269,698.8400269,66606900
2/24/2021,711.8499756,745,694.1699829,742.0200195,742.0200195,36767000
2/25/2021,726.1500244,737.210022,670.5800171,682.2199707,682.2199707,39023900
2/26/2021,700,706.7000122,659.5100098,675.5,675.5,41089200
3/1/2021,690.1099854,719,685.0499878,718.4299927,718.4299927,27136200
3/2/2021,718.2800293,721.1099854,685,686.4400024,686.4400024,23732200
3/3/2021,687.9899902,700.7000122,651.710022,653.2000122,653.2000122,30208000
3/4/2021,655.7999878,668.4500122,600,621.4400024,621.4400024,65919500
3/5/2021,626.0599976,627.8400269,539.4899902,597.9500122,597.9500122,89396500
3/8/2021,600.5499878,620.1300049,558.789978,563,563,51787000
3/9/2021,608.1799927,678.0900269,595.210022,673.5800171,673.5800171,67523300
3/10/2021,700.2999878,717.8499756,655.0599976,668.0599976,668.0599976,60605700
3/11/2021,699.4000244,702.5,677.1799927,699.5999756,699.5999756,36253900
3/12/2021,670,694.8800049,666.1400146,693.7299805,693.7299805,33583800
3/15/2021,694.0900269,713.1799927,684.039978,707.9400024,707.9400024,29335600
3/16/2021,703.3499756,707.9199829,671,676.8800049,676.8800049,32195700
3/17/2021,656.8699951,703.7299805,651.0100098,701.8099976,701.8099976,40372500
3/18/2021,684.289978,689.2299805,652,653.1599731,653.1599731,33224800
3/19/2021,646.5999756,657.2299805,624.6199951,654.8699951,654.8699951,42894000
3/22/2021,684.5900269,699.6199951,668.75,670,670,39512200
3/23/2021,675.7700195,677.7999878,657.5100098,662.1599731,662.1599731,30491900
3/24/2021,667.9099731,668.0200195,630.1099854,630.2700195,630.2700195,33795200
3/25/2021,613,645.5,609.5,640.3900146,640.3900146,39224900
3/26/2021,641.8699951,643.8200073,599.8900146,618.710022,618.710022,33852800
3/29/2021,615.6400146,616.4799805,596.0200195,611.289978,611.289978,28637000
3/30/2021,601.75,637.6599731,591.0100098,635.6199951,635.6199951,39432400
3/31/2021,646.6199951,672,641.1099854,667.9299927,667.9299927,33337300
4/1/2021,688.3699951,692.4199829,659.4199829,661.75,661.75,35298400
4/5/2021,707.710022,708.1599731,684.7000122,691.0499878,691.0499878,41842800
4/6/2021,690.2999878,696.5499878,681.3699951,691.6199951,691.6199951,28271800
4/7/2021,687,691.3800049,667.8400269,670.9699707,670.9699707,26309400
4/8/2021,677.3800049,689.5499878,671.6500244,683.7999878,683.7999878,23924300
4/9/2021,677.7700195,680.9699707,669.4299927,677.0200195,677.0200195,21437100
4/12/2021,685.7000122,704.7999878,682.0900269,701.9799805,701.9799805,29135700
4/13/2021,712.7000122,763,710.6599731,762.3200073,762.3200073,44652800
4/14/2021,770.7000122,780.789978,728.0300293,732.2299805,732.2299805,49017400
4/15/2021,743.0999756,743.6900024,721.3099976,738.8499756,738.8499756,27848900
4/16/2021,728.6500244,749.4099731,724.5999756,739.7800293,739.7800293,27979500
4/19/2021,719.5999756,725.4000244,691.7999878,714.6300049,714.6300049,39686200
4/20/2021,717.4199829,737.25,710.6900024,718.9899902,718.9899902,35609000
4/21/2021,704.7700195,744.8400269,698,744.1199951,744.1199951,31215500
4/22/2021,741.5,753.7700195,718.039978,719.6900024,719.6900024,35590300
4/23/2021,719.7999878,737.3599854,715.460022,729.4000244,729.4000244,28370000
4/26/2021,741,749.2999878,732.6099854,738.2000122,738.2000122,31038500
4/27/2021,717.960022,724,703.3499756,704.7399902,704.7399902,29437000
4/28/2021,696.4099731,708.5,693.5999756,694.4000244,694.4000244,22271000
4/29/2021,699.5100098,702.25,668.5,677,677,28845400
4/30/2021,667.5900269,715.4699707,666.1400146,709.4400024,709.4400024,40758700
5/3/2021,703.7999878,706,680.5,684.9000244,684.9000244,27043100
5/4/2021,678.9400024,683.4500122,657.7000122,673.5999756,673.5999756,29739300
5/5/2021,681.0599976,685.2999878,667.3400269,670.9400024,670.9400024,21901900
5/6/2021,680.7600098,681.0200195,650,663.539978,663.539978,27784600
5/7/2021,665.7999878,690,660.2199707,672.3699951,672.3699951,23469200
5/10/2021,664.9000244,665.0499878,627.6099854,629.039978,629.039978,31392400
5/11/2021,599.2399902,627.0999756,595.5999756,617.2000122,617.2000122,46503900
5/12/2021,602.4899902,620.4099731,586.7700195,589.8900146,589.8900146,33823600
5/13/2021,601.539978,606.460022,559.6500244,571.6900024,571.6900024,44184900
5/14/2021,583.4099731,592.8699951,570.460022,589.7399902,589.7399902,33370900
5/17/2021,575.5499878,589.7299805,561.2000122,576.8300171,576.8300171,32390400
5/18/2021,568,596.25,563.3800049,577.8699951,577.8699951,36830600
5/19/2021,552.5499878,566.210022,546.9799805,563.460022,563.460022,39578400
5/20/2021,575,588.8499756,571.0700073,586.7800293,586.7800293,30821100
5/21/2021,596.1099854,596.6799927,580,580.8800049,580.8800049,26030600
5/24/2021,581.5999756,614.4799805,573.6500244,606.4400024,606.4400024,34558100
5/25/2021,607.3099976,613.9899902,595.710022,604.6900024,604.6900024,28005900
5/26/2021,607.5599976,626.1699829,601.5,619.1300049,619.1300049,28639300
5/27/2021,620.2399902,631.1300049,616.210022,630.8499756,630.8499756,26370600
5/28/2021,628.5,635.5900269,622.3800049,625.2199707,625.2199707,22737000
6/1/2021,627.7999878,633.7999878,620.5499878,623.9000244,623.9000244,18084900
6/2/2021,620.1300049,623.3599854,599.1400146,605.1199951,605.1199951,23302800
6/3/2021,601.7999878,604.5499878,571.2199707,572.8400269,572.8400269,30111900
6/4/2021,579.710022,600.6099854,577.2000122,599.0499878,599.0499878,24036900
6/7/2021,591.8300171,610,582.8800049,605.1300049,605.1300049,22543700
6/8/2021,623.0100098,623.0900269,595.5,603.5900269,603.5900269,26053400
6/9/2021,602.1699829,611.789978,597.6300049,598.7800293,598.7800293,16584600
6/10/2021,603.8800049,616.5900269,600.5,610.1199951,610.1199951,23919600
6/11/2021,610.2299805,612.5599976,601.5200195,609.8900146,609.8900146,16205300
6/14/2021,612.2299805,625.4899902,609.1799927,617.6900024,617.6900024,20424000
6/15/2021,616.6900024,616.789978,598.2299805,599.3599854,599.3599854,17764100
6/16/2021,597.539978,608.5,593.5,604.8699951,604.8699951,22144100
6/17/2021,601.8900146,621.4699707,601.3400269,616.5999756,616.5999756,22701400
6/18/2021,613.3699951,628.3499756,611.7999878,623.3099976,623.3099976,24560900
6/21/2021,624.4799805,631.3900146,608.8800049,620.8300171,620.8300171,24812700
6/22/2021,618.25,628.5700073,615.5,623.710022,623.710022,19158900
6/23/2021,632,657.2000122,630.039978,656.5700073,656.5700073,31099200
6/24/2021,674.9899902,697.6199951,667.6099854,679.8200073,679.8200073,45982400
6/25/2021,689.5800171,693.8099976,668.7000122,671.8699951,671.8699951,32496700
6/28/2021,671.6400146,694.7000122,670.3200073,688.7199707,688.7199707,21628200
