Date,Open,High,Low,Close,Volume
7/1/2019,0.003279,0.003335,0.003054,0.00327,3130000000
7/2/2019,0.003268,0.003293,0.003048,0.003162,3230000000
7/3/2019,0.003163,0.00335,0.003127,0.003343,2420000000
7/4/2019,0.003343,0.003352,0.003176,0.00318,2730000000
7/5/2019,0.00449,0.0046,0.00355,0.0038701,1928297660
7/6/2019,0.0038741,0.0039426,0.0033652,0.0035,1010744287
7/7/2019,0.003504,0.00365,0.0034,0.0035377,530613992
7/8/2019,0.0035378,0.0035618,0.0034,0.003458,308445688
7/9/2019,0.003462,0.003582,0.0033564,0.0034545,253375582
7/10/2019,0.0034576,0.0035294,0.003251,0.0033421,241274866
7/11/2019,0.0033358,0.0033395,0.0030909,0.003209,202811394
7/12/2019,0.0032105,0.0033598,0.0031562,0.0032622,228622573
7/13/2019,0.0032626,0.0032653,0.0031358,0.0032532,110731940
7/14/2019,0.0032474,0.0032788,0.0029008,0.0029175,216658454
7/15/2019,0.0029175,0.0031354,0.0028011,0.0030712,220027648
7/16/2019,0.0030624,0.0031009,0.0027323,0.0027994,159080438
7/17/2019,0.0027995,0.002986,0.0027063,0.0028822,320691294
7/18/2019,0.0028663,0.0031251,0.0027797,0.0030979,263423204
7/19/2019,0.0031008,0.0031068,0.0029202,0.0030232,101195703
7/20/2019,0.0030131,0.0031528,0.003,0.0030787,106012025
7/21/2019,0.0030701,0.0031272,0.0029872,0.0030468,59882988
7/22/2019,0.0030533,0.0030816,0.00292,0.0029567,92581872
7/23/2019,0.0029567,0.0029567,0.002816,0.0028192,161810410
7/24/2019,0.0028195,0.0028819,0.0027629,0.0028741,68490381
7/25/2019,0.0028555,0.0029487,0.0028476,0.0028656,149944114
7/26/2019,0.0028656,0.0029033,0.0028177,0.0028798,29517748
7/27/2019,0.00289,0.00296,0.0027551,0.0028047,86758314
7/28/2019,0.0027973,0.0028137,0.002726,0.0027932,49225120
7/29/2019,0.0027884,0.002884,0.0027637,0.0027663,65013586
7/30/2019,0.0027663,0.00288,0.0027457,0.0027885,60008976
7/31/2019,0.0027949,0.0028761,0.0027889,0.0028583,58120004
8/1/2019,0.0028571,0.0030617,0.0028248,0.0029004,85256838
8/2/2019,0.0029004,0.0029272,0.002861,0.0028996,64329108
8/3/2019,0.0028951,0.002949,0.0028768,0.0028994,54942112
8/4/2019,0.0028999,0.0029985,0.0028424,0.0029222,88247046
8/5/2019,0.0029196,0.0031998,0.0029196,0.0030428,213937390
8/6/2019,0.0030443,0.003084,0.0029124,0.0029557,128970146
8/7/2019,0.0029569,0.0030399,0.0028759,0.0029856,116634874
8/8/2019,0.0029972,0.0029972,0.0028544,0.0029635,72936578
8/9/2019,0.0029725,0.0029725,0.0028375,0.002913,53069425
8/10/2019,0.0029211,0.0029432,0.0028085,0.00285,40358430
8/11/2019,0.00285,0.0028995,0.0028281,0.0028874,48121732
8/12/2019,0.0028893,0.0028999,0.0028455,0.0028516,37974663
8/13/2019,0.0028527,0.0028643,0.0027802,0.0028339,47685418
8/14/2019,0.0028343,0.0028399,0.0027,0.0027161,89470204
8/15/2019,0.002723,0.0027695,0.0025578,0.0025916,83406275
8/16/2019,0.0025813,0.002718,0.0025112,0.002651,71483283
8/17/2019,0.002648,0.0026632,0.0025778,0.0026251,48842468
8/18/2019,0.0026254,0.0027214,0.002587,0.002695,101432503
8/19/2019,0.0026922,0.0028146,0.0026676,0.0027816,111202618
8/20/2019,0.0027787,0.002785,0.0026798,0.002712,29889824
8/21/2019,0.002712,0.0027153,0.0025633,0.0026398,67428707
8/22/2019,0.0026404,0.0027165,0.0025527,0.0026458,70942538
8/23/2019,0.0026486,0.002693,0.0026153,0.0026668,49673949
8/24/2019,0.0026644,0.0026785,0.0025647,0.0026222,61164375
8/25/2019,0.0026274,0.002666,0.002582,0.0026237,59937736
8/26/2019,0.0026192,0.0027048,0.0025931,0.0026409,75309430
8/27/2019,0.002637,0.00264,0.0025763,0.0025993,57813268
8/28/2019,0.0026014,0.0026014,0.0024772,0.0024965,73252773
8/29/2019,0.0024956,0.0024958,0.002339,0.0024244,101148551
8/30/2019,0.0024421,0.0024939,0.0023879,0.0024449,37512207
8/31/2019,0.0024517,0.0024878,0.0024118,0.0024528,36338319
9/1/2019,0.002452,0.0024851,0.0024109,0.0024603,35956148
9/2/2019,0.0024635,0.0026167,0.0024377,0.0025882,53572010
9/3/2019,0.002591,0.0026054,0.0025313,0.0025593,64679806
9/4/2019,0.0025647,0.0025711,0.0025,0.0025097,32789886
9/5/2019,0.0025221,0.0025221,0.0024589,0.0024909,44318276
9/6/2019,0.0024897,0.0025054,0.0024,0.00247,81836503
9/7/2019,0.0024504,0.002507,0.0024029,0.0024542,79415288
9/8/2019,0.002465,0.0025306,0.0024,0.0024585,89538969
9/9/2019,0.0024453,0.0024692,0.0024,0.0024351,61000344
9/10/2019,0.0024351,0.0024612,0.0023849,0.0024185,33219768
9/11/2019,0.0024193,0.0024386,0.0023601,0.0023892,52887165
9/12/2019,0.0023912,0.002431,0.0023265,0.0023928,48542765
9/13/2019,0.0023906,0.0024128,0.00236,0.002399,35317492
9/14/2019,0.0024089,0.002437,0.0023701,0.0024192,33725888
9/15/2019,0.0024233,0.0024851,0.00239,0.002426,68647235
9/16/2019,0.0024249,0.0024765,0.0023978,0.0024309,53894420
9/17/2019,0.0024316,0.00262,0.00241,0.002594,135069011
9/18/2019,0.0025972,0.0028103,0.0025527,0.0027015,344364326
9/19/2019,0.0027028,0.0027322,0.00254,0.0027083,161540615
9/20/2019,0.0027062,0.0027062,0.0026147,0.0026497,70347331
9/21/2019,0.0026497,0.0026619,0.002539,0.0025772,76693753
9/22/2019,0.00257,0.002599,0.0025173,0.002562,92043003
9/23/2019,0.0025697,0.0025719,0.0024474,0.0024474,76897524
9/24/2019,0.0024474,0.0024731,0.0019317,0.00219,155910476
9/25/2019,0.0021893,0.0022241,0.0020665,0.0021757,110825983
9/26/2019,0.0021693,0.0022375,0.0020185,0.0021396,204393624
9/27/2019,0.0021348,0.002199,0.0020985,0.0021723,88331166
9/28/2019,0.002176,0.002232,0.0021401,0.0021974,75661286
9/29/2019,0.0022033,0.0022399,0.0021235,0.0021854,79511131
9/30/2019,0.002203,0.0024733,0.0021264,0.0023747,263988602
10/1/2019,0.0023791,0.0025001,0.0023473,0.0023503,151860063
10/2/2019,0.0023561,0.0023692,0.0022809,0.002323,88034436
10/3/2019,0.002323,0.002325,0.0022353,0.0022977,81022529
10/4/2019,0.002298,0.002325,0.0022398,0.0022893,52314904
10/5/2019,0.0022882,0.0023051,0.0022614,0.0022922,53899895
10/6/2019,0.0022993,0.0023048,0.0022275,0.0022677,72718151
10/7/2019,0.0022659,0.0023654,0.0022368,0.002331,69936960
10/8/2019,0.0023298,0.0023649,0.0022783,0.0023096,89953557
10/9/2019,0.0023096,0.0023652,0.0022467,0.0023522,128533706
10/10/2019,0.002346,0.0023512,0.0022927,0.0023,74485978
10/11/2019,0.002297,0.0023411,0.002225,0.0022909,61631506
10/12/2019,0.002288,0.002331,0.0022751,0.0023196,70374904
10/13/2019,0.002319,0.0026349,0.0023096,0.0024317,506106744
10/14/2019,0.0024312,0.00275,0.0024067,0.0025415,1281613616
10/15/2019,0.0025482,0.00258,0.0024652,0.0024964,142270876
10/16/2019,0.0024957,0.0026228,0.0024851,0.0026162,271043906
10/17/2019,0.0026117,0.002974,0.0025778,0.0027405,673256287
10/18/2019,0.002735,0.0028665,0.0026311,0.0026952,262101555
10/19/2019,0.0026944,0.0027949,0.0026467,0.0027176,103435078
10/20/2019,0.0027179,0.0027575,0.0026407,0.0027151,113305480
10/21/2019,0.0027079,0.00295,0.0025758,0.0026879,287285773
10/22/2019,0.0026884,0.0027297,0.0025085,0.0025311,948366683
10/23/2019,0.0025386,0.002565,0.0021,0.0024746,399964920
10/24/2019,0.0024805,0.00255,0.0024,0.0025183,176236372
10/25/2019,0.0025183,0.0027799,0.0024652,0.0026694,330206126
10/26/2019,0.0026694,0.002898,0.0025577,0.0025925,327792551
10/27/2019,0.0026061,0.0029542,0.00256,0.00264,203666784
10/28/2019,0.00264,0.00275,0.0026234,0.0026265,179647401
10/29/2019,0.0026379,0.0026952,0.002615,0.002625,136659517
10/30/2019,0.002625,0.0026649,0.0025584,0.0025936,202095484
10/31/2019,0.0025891,0.0026357,0.0025473,0.0025844,93293235
11/1/2019,0.0025811,0.002675,0.0025522,0.0025932,48308176
11/2/2019,0.0025994,0.0026114,0.0025463,0.0025773,136199748
11/3/2019,0.0025966,0.0026369,0.0025427,0.0025861,94348909
11/4/2019,0.0025803,0.0026,0.002538,0.0025751,89131455
11/5/2019,0.0025751,0.0026045,0.0025501,0.0025927,89896615
11/6/2019,0.0025881,0.00261,0.00255,0.0025952,78525806
11/7/2019,0.0025942,0.0027449,0.0025694,0.0026982,389579342
11/8/2019,0.002704,0.0027096,0.002535,0.0026381,140343464
11/9/2019,0.0026442,0.0027351,0.0026079,0.0027126,355378242
11/10/2019,0.0027078,0.0027849,0.0026647,0.0027565,305203814
11/11/2019,0.0027653,0.0027687,0.002646,0.002705,145629942
11/12/2019,0.0027042,0.0027244,0.0026456,0.0027078,116799812
11/13/2019,0.0027078,0.0027078,0.0026316,0.0026821,140516822
11/14/2019,0.0026751,0.0026862,0.0025991,0.002662,99444648
11/15/2019,0.002665,0.00271,0.0025767,0.002658,196496664
11/16/2019,0.0026504,0.0027,0.0026164,0.0026606,184465713
11/17/2019,0.0026517,0.0026619,0.0025893,0.0026258,81768446
11/18/2019,0.0026159,0.0026299,0.0025002,0.0025395,72203979
11/19/2019,0.0025351,0.0025381,0.0024883,0.0025165,60867796
11/20/2019,0.0025206,0.00259,0.0025065,0.0025225,51326120
11/21/2019,0.0025209,0.0025302,0.0023,0.0024063,139844659
11/22/2019,0.0024059,0.0024426,0.0021733,0.0023524,165526781
11/23/2019,0.0023528,0.0024,0.0022612,0.0023994,172491867
11/24/2019,0.0023892,0.0023892,0.0022323,0.002233,116673800
11/25/2019,0.0022368,0.0023206,0.002081,0.0022539,150700812
11/26/2019,0.0022474,0.0023128,0.0022267,0.0022663,46658505
11/27/2019,0.0022663,0.00236,0.0021866,0.0023208,98287760
11/28/2019,0.0023153,0.00236,0.0022614,0.002272,98429449
11/29/2019,0.0022735,0.0023733,0.0022722,0.0023593,98438924
11/30/2019,0.0023593,0.0023607,0.0022711,0.0022918,59323424
12/1/2019,0.002292,0.0023041,0.0022323,0.0022648,71868565
12/2/2019,0.0022708,0.0022708,0.0021588,0.0022194,163746405
12/3/2019,0.0022209,0.0022366,0.0021504,0.0021782,189360213
12/4/2019,0.0021731,0.002245,0.0021123,0.0021682,259311714
12/5/2019,0.0021717,0.0022199,0.0021406,0.0021755,75250597
12/6/2019,0.0021705,0.0022416,0.0021001,0.0021944,132923213
12/7/2019,0.0021894,0.0022504,0.0021601,0.002184,61735171
12/8/2019,0.0021834,0.0022499,0.00215,0.0021971,56793315
12/9/2019,0.0021968,0.0022182,0.0021624,0.0021699,56493155
12/10/2019,0.0021635,0.002215,0.0020903,0.0021368,116186991
12/11/2019,0.0021402,0.002174,0.0021079,0.0021379,86454061
12/12/2019,0.0021515,0.0021688,0.0021166,0.0021344,55721062
12/13/2019,0.0021348,0.0022245,0.0021051,0.0021321,105233189
12/14/2019,0.0021274,0.0022933,0.002048,0.0021127,97345597
12/15/2019,0.0021127,0.0022,0.0020938,0.0021363,61190730
12/16/2019,0.0021363,0.002177,0.0020705,0.002087,99814375
12/17/2019,0.0020835,0.0021318,0.0019349,0.0019772,209772941
12/18/2019,0.0019772,0.0020868,0.0019,0.0020483,444442268
12/19/2019,0.0020541,0.00218,0.0019819,0.0020205,91905080
12/20/2019,0.0020241,0.002065,0.0019933,0.0020273,58972845
12/21/2019,0.0020275,0.0020676,0.0020091,0.00204,83070907
12/22/2019,0.00204,0.0020859,0.00202,0.0020808,97517875
12/23/2019,0.0020848,0.0021261,0.0020276,0.002051,187366372
12/24/2019,0.002047,0.0020546,0.002002,0.0020184,61042421
12/25/2019,0.002017,0.0020591,0.0019938,0.00204,108851438
12/26/2019,0.0020331,0.0020545,0.0020013,0.0020245,81831506
12/27/2019,0.0020172,0.0020426,0.0019901,0.0020277,145246366
12/28/2019,0.0020277,0.0020624,0.0020277,0.0020458,48401004
12/29/2019,0.0020458,0.0020609,0.0020259,0.0020329,50528679
12/30/2019,0.0020391,0.0020585,0.0020123,0.0020264,76749919
12/31/2019,0.002019,0.0020299,0.0019862,0.0020135,131083309
1/1/2020,0.0020136,0.002039,0.0020001,0.0020245,31462868
1/2/2020,0.0020245,0.00204,0.0019485,0.0019951,191887309
1/3/2020,0.0019986,0.0020359,0.0019675,0.0020236,109005714
1/4/2020,0.0020185,0.0021035,0.002015,0.0020579,123468609
1/5/2020,0.0020589,0.0020922,0.0020361,0.0020696,66437147
1/6/2020,0.0020722,0.0021345,0.0020692,0.0021344,108507039
1/7/2020,0.0021333,0.0021847,0.0020777,0.002175,121470207
1/8/2020,0.0021687,0.0022263,0.0020701,0.0020886,205791636
1/9/2020,0.0020934,0.0021633,0.0020642,0.0021282,80515080
1/10/2020,0.0021323,0.0022024,0.0020983,0.0021973,222205607
1/11/2020,0.0022007,0.002225,0.0021651,0.0021754,94223943
1/12/2020,0.0021671,0.0022133,0.002155,0.0021963,49775170
1/13/2020,0.0022026,0.0022049,0.0021652,0.0021704,66668055
1/14/2020,0.0021656,0.0023955,0.0021653,0.0023581,297610208
1/15/2020,0.0023493,0.0024913,0.0023204,0.0023669,262905054
1/16/2020,0.002376,0.0023768,0.0022871,0.0023276,98583989
1/17/2020,0.0023343,0.0025035,0.0023159,0.0024868,280388650
1/18/2020,0.0024855,0.0025225,0.0024441,0.0025115,191378707
1/19/2020,0.0025137,0.0025833,0.0023269,0.0023982,161012185
1/20/2020,0.0023999,0.002427,0.0023468,0.002376,95126694
1/21/2020,0.002376,0.0023952,0.0023206,0.0023673,130661575
1/22/2020,0.0023583,0.0023904,0.0023353,0.0023434,72204081
1/23/2020,0.002343,0.0023478,0.002225,0.0022514,120187526
1/24/2020,0.002255,0.0022885,0.0021968,0.0022698,72913429
1/25/2020,0.0022706,0.0022708,0.0022265,0.002251,74227952
1/26/2020,0.0022497,0.0023091,0.0022364,0.0022854,62787676
1/27/2020,0.002291,0.0024271,0.002256,0.0023594,189983953
1/28/2020,0.0023594,0.0024437,0.00235,0.0024412,132996335
1/29/2020,0.0024427,0.0024477,0.002371,0.0023865,113185519
1/30/2020,0.0023865,0.0024243,0.0023544,0.002414,78294104
1/31/2020,0.0024164,0.002445,0.002362,0.0023776,106455643
2/1/2020,0.0023776,0.002417,0.002373,0.002417,69780779
2/2/2020,0.0024118,0.0025018,0.0023985,0.0024406,140214787
2/3/2020,0.0024397,0.0024999,0.0024133,0.0024156,147181393
2/4/2020,0.0024167,0.0025178,0.002398,0.0025169,243323349
2/5/2020,0.0025169,0.0026334,0.0024723,0.0025826,456737744
2/6/2020,0.0025823,0.0026896,0.0025696,0.0026654,245310854
2/7/2020,0.0026642,0.0028,0.00265,0.0027888,266969073
2/8/2020,0.0027997,0.0032674,0.0027214,0.003171,1122954168
2/9/2020,0.0031745,0.00489,0.003078,0.0032235,1307461248
2/10/2020,0.0032155,0.0032819,0.0028417,0.0029663,810781064
2/11/2020,0.0029618,0.0030946,0.0028388,0.00303,584824864
2/12/2020,0.00303,0.0031568,0.003,0.0030589,621222834
2/13/2020,0.0030599,0.00321,0.0029443,0.0030132,570152846
2/14/2020,0.0030098,0.0031383,0.0029756,0.0031067,305515579
2/15/2020,0.0031099,0.0031769,0.00284,0.0029031,320372009
2/16/2020,0.0028981,0.0029621,0.0026023,0.0027522,417846263
2/17/2020,0.0027475,0.0027561,0.0025241,0.0026999,273787797
2/18/2020,0.0026819,0.0028656,0.0026538,0.0028286,344021674
2/19/2020,0.0028349,0.0028615,0.0025623,0.0026085,156007562
2/20/2020,0.002603,0.0029909,0.0025415,0.002653,268076623
2/21/2020,0.00265,0.002712,0.0025891,0.0026481,153113913
2/22/2020,0.0026469,0.0026533,0.0025719,0.0025887,107733066
2/23/2020,0.0025905,0.00268,0.0025905,0.0026772,85158189
2/24/2020,0.0026744,0.0026822,0.0025436,0.0025769,123771852
2/25/2020,0.0025831,0.0025831,0.0023977,0.0024734,256619298
2/26/2020,0.0024733,0.0024864,0.0021862,0.0023439,305716693
2/27/2020,0.0023406,0.0024164,0.0023,0.0023255,164177168
2/28/2020,0.0023255,0.00237,0.0022161,0.0022823,99076087
2/29/2020,0.0022823,0.0023197,0.0022112,0.0022153,84399218
3/1/2020,0.0022202,0.00231,0.0022004,0.0022794,116810334
3/2/2020,0.0022688,0.0023792,0.0022205,0.0023471,96449244
3/3/2020,0.002358,0.0025355,0.0023082,0.0024985,276081118
3/4/2020,0.0025031,0.0025033,0.00237,0.0024187,201587827
3/5/2020,0.0024251,0.00253,0.0024222,0.0024771,122219349
3/6/2020,0.0024773,0.0024999,0.0024374,0.0024862,63303104
3/7/2020,0.0024862,0.002494,0.0023922,0.0024066,112331024
3/8/2020,0.0024029,0.0024039,0.00215,0.0021671,181080658
3/9/2020,0.0021714,0.0022269,0.00208,0.0022203,229780847
3/10/2020,0.0022261,0.0022641,0.0021533,0.0022053,225779527
3/11/2020,0.0022021,0.0022181,0.0020911,0.0021716,128060172
3/12/2020,0.0021759,0.0021805,0.0014003,0.0015996,770809996
3/13/2020,0.0014971,0.0017957,0.0011345,0.001746,372647948
3/14/2020,0.0017226,0.0017771,0.001633,0.0016632,224230347
3/15/2020,0.0016603,0.0018329,0.0016295,0.0016932,183272920
3/16/2020,0.0016903,0.0017,0.0013478,0.0015817,232810549
3/17/2020,0.0015927,0.0016873,0.001546,0.0016219,120269653
3/18/2020,0.0016219,0.0016428,0.0015442,0.0016002,153194705
3/19/2020,0.0016002,0.0018395,0.001565,0.00177,315677300
3/20/2020,0.00176,0.0019361,0.0016412,0.0017802,301406598
3/21/2020,0.0017758,0.0018533,0.0016964,0.0017849,120948576
3/22/2020,0.0017897,0.0018447,0.0017155,0.0017264,156027627
3/23/2020,0.0017222,0.0018576,0.0016843,0.0018192,180308460
3/24/2020,0.001826,0.001916,0.0018047,0.0018641,283137113
3/25/2020,0.0018511,0.0018947,0.00179,0.0018296,170824524
3/26/2020,0.0018296,0.0018673,0.0018111,0.0018519,151160373
3/27/2020,0.001847,0.00187,0.0017408,0.0017766,195811269
3/28/2020,0.0017754,0.001809,0.0016981,0.001783,314932329
3/29/2020,0.001793,0.0018001,0.0017018,0.0017099,156054263
3/30/2020,0.0017202,0.0019,0.001709,0.0017957,116199882
3/31/2020,0.0017994,0.0018286,0.001792,0.0018041,67786701
4/1/2020,0.0018,0.0018743,0.0017659,0.0018631,152034474
4/2/2020,0.0018637,0.00195,0.0018405,0.0018777,146749302
4/3/2020,0.0018701,0.0019048,0.0018205,0.0018467,97617758
4/4/2020,0.0018467,0.0019085,0.001828,0.0018697,92364705
4/5/2020,0.0018745,0.0018817,0.0018381,0.00185,55344996
4/6/2020,0.0018469,0.0019901,0.0018443,0.0019896,210552139
4/7/2020,0.0019894,0.0020209,0.0019501,0.0019943,202961221
4/8/2020,0.0019966,0.0020426,0.001967,0.0020038,90384907
4/9/2020,0.0020037,0.0020454,0.0019852,0.0020151,89094012
4/10/2020,0.0020226,0.0020356,0.001873,0.001965,212989247
4/11/2020,0.0019654,0.00201,0.0019349,0.0019645,76732837
4/12/2020,0.001968,0.002012,0.0019392,0.0019673,114627907
4/13/2020,0.0019641,0.001976,0.0018598,0.0019533,185252284
4/14/2020,0.0019533,0.001977,0.0019315,0.0019656,67401911
4/15/2020,0.0019646,0.0019731,0.00189,0.0019061,143735234
4/16/2020,0.001903,0.00203,0.0018722,0.001995,151063706
4/17/2020,0.0020002,0.0020047,0.001974,0.001983,55401970
4/18/2020,0.0019886,0.0020962,0.00198,0.0020445,92775767
4/19/2020,0.0020463,0.0020722,0.0019977,0.0020313,70450538
4/20/2020,0.0020311,0.0020499,0.0019354,0.0019787,180876115
4/21/2020,0.0019688,0.002,0.00193,0.00195,85730979
4/22/2020,0.0019497,0.00205,0.0019425,0.0019957,72581197
4/23/2020,0.002,0.0021612,0.0019886,0.0020512,243115927
4/24/2020,0.0020449,0.0021075,0.0020431,0.0020832,75266362
4/25/2020,0.002083,0.0021533,0.0020682,0.0021245,173120551
4/26/2020,0.0021303,0.0024479,0.0021283,0.0024076,804586311
4/27/2020,0.0024032,0.0024137,0.0022821,0.0023456,475335023
4/28/2020,0.0023459,0.0023565,0.0023,0.002327,168260399
4/29/2020,0.0023178,0.002542,0.0023066,0.0024912,354821868
4/30/2020,0.0024912,0.0026904,0.0023585,0.002433,551825570
5/1/2020,0.0024225,0.0025466,0.0024176,0.0024749,220229951
5/2/2020,0.0024782,0.0025574,0.0024501,0.002542,148558121
5/3/2020,0.0025393,0.00258,0.00246,0.0025001,167590125
5/4/2020,0.0025011,0.0025094,0.0023375,0.0024605,151515338
5/5/2020,0.0024717,0.0025183,0.0024266,0.0024738,83336304
5/6/2020,0.0024776,0.0025623,0.0024572,0.0024801,180927494
5/7/2020,0.00248,0.0026975,0.002459,0.0026627,366483103
5/8/2020,0.0026632,0.0026894,0.00257,0.0026052,259386572
5/9/2020,0.0026157,0.0026453,0.00251,0.0026075,216543474
5/10/2020,0.0025986,0.0025986,0.0022425,0.0024602,321215093
5/11/2020,0.0024432,0.0025373,0.0022957,0.0024125,192928752
5/12/2020,0.0024045,0.0025132,0.0023993,0.0024606,107312600
5/13/2020,0.0024605,0.0025425,0.0024433,0.0025245,168041623
5/14/2020,0.0025191,0.00265,0.0025,0.0025813,315454837
5/15/2020,0.0025727,0.0025828,0.00246,0.0024888,126538135
5/16/2020,0.0025005,0.0025345,0.0024728,0.0025098,82487862
5/17/2020,0.0025084,0.00258,0.002502,0.0025331,103697263
5/18/2020,0.002525,0.0025899,0.0024987,0.0025379,93527053
5/19/2020,0.00254,0.0025775,0.0024903,0.0025487,90146889
5/20/2020,0.0025394,0.002566,0.0024588,0.0025002,152417725
5/21/2020,0.0025012,0.0025514,0.0024215,0.0024774,205051270
5/22/2020,0.002477,0.00255,0.0024627,0.0025175,107093984
5/23/2020,0.0025199,0.0025631,0.0024936,0.0025271,160030526
5/24/2020,0.0025356,0.002563,0.002435,0.0024461,160499199
5/25/2020,0.0024379,0.002548,0.00242,0.0025324,280489252
5/26/2020,0.0025251,0.0025329,0.0024571,0.0024781,186936703
5/27/2020,0.002478,0.0025186,0.0024499,0.0024998,176177359
5/28/2020,0.0024998,0.0025599,0.0024816,0.002523,256317241
5/29/2020,0.0025265,0.0025533,0.0024995,0.0025303,142622163
5/30/2020,0.0025302,0.0026299,0.002526,0.002618,217499962
5/31/2020,0.0026181,0.0026822,0.002543,0.0025599,164715811
6/1/2020,0.0025492,0.0027,0.0024997,0.0026452,291813951
6/2/2020,0.0026565,0.0026647,0.0024696,0.0025666,325981114
6/3/2020,0.002561,0.002596,0.0025177,0.0025867,130101538
6/4/2020,0.0025805,0.0026679,0.0025656,0.002623,326193437
6/5/2020,0.002623,0.0026288,0.00258,0.0025907,114071897
6/6/2020,0.0025834,0.0025999,0.0025507,0.0025926,101549796
6/7/2020,0.0025899,0.0026135,0.00255,0.0025987,132911616
6/8/2020,0.0025912,0.0026038,0.0025505,0.0025786,121989865
6/9/2020,0.0025848,0.0025888,0.00249,0.0025586,116938419
6/10/2020,0.0025586,0.0025953,0.0025409,0.0025761,113128228
6/11/2020,0.00258,0.0025938,0.0023801,0.0024463,169023974
6/12/2020,0.0024463,0.002525,0.0024351,0.0025,133287436
6/13/2020,0.002514,0.0025338,0.0024869,0.0025241,93631744
6/14/2020,0.0025135,0.0025319,0.002482,0.0024972,65658290
6/15/2020,0.0024886,0.0024941,0.0023963,0.0024743,147058752
6/16/2020,0.0024701,0.0024999,0.0024087,0.0024855,219496367
6/17/2020,0.0024856,0.0025024,0.0024445,0.0024806,136091681
6/18/2020,0.0024788,0.0024919,0.0024322,0.0024575,59137982
6/19/2020,0.002457,0.002468,0.0024256,0.0024399,84566591
6/20/2020,0.0024399,0.0024516,0.0023921,0.0024419,59266072
6/21/2020,0.0024466,0.0024658,0.0024277,0.0024295,84555177
6/22/2020,0.0024357,0.0025001,0.002432,0.0024731,118270150
6/23/2020,0.0024828,0.0024909,0.0024615,0.0024686,96686433
6/24/2020,0.0024775,0.0024867,0.0023772,0.0024193,124832546
6/25/2020,0.0024247,0.0024288,0.002378,0.0024081,73502899
6/26/2020,0.0024111,0.002417,0.0023465,0.0023593,69665977
6/27/2020,0.0023515,0.0023635,0.00227,0.0023045,94867690
6/28/2020,0.0023041,0.0023459,0.0022784,0.0023142,116394661
6/29/2020,0.0023194,0.00233,0.0022908,0.0023077,85385099
6/30/2020,0.002303,0.0023257,0.0022821,0.0023185,58330225
7/1/2020,0.0023101,0.0023709,0.0023,0.0023203,120676078
7/2/2020,0.0023251,0.0023498,0.0022839,0.002322,97986311
7/3/2020,0.0023172,0.0023345,0.0022882,0.0023139,76387879
7/4/2020,0.0023155,0.0023312,0.0022993,0.0023012,60368775
7/5/2020,0.0023033,0.002319,0.0022787,0.0023029,88706470
7/6/2020,0.0022988,0.002622,0.002293,0.0026193,461294907
7/7/2020,0.0026191,0.0032953,0.0025999,0.003136,3965388549
7/8/2020,0.003136,0.0055999,0.00291,0.0047657,23657008079
7/9/2020,0.0047626,0.0050594,0.00405,0.0043214,8645375967
7/10/2020,0.0043225,0.0043334,0.0034001,0.0035313,7536784753
7/11/2020,0.0035313,0.0039634,0.0034555,0.0038041,3661361202
7/12/2020,0.0038109,0.0038501,0.0035799,0.0036358,1546255634
7/13/2020,0.0036357,0.0036408,0.0029767,0.0031677,4007164536
7/14/2020,0.0031587,0.00339,0.0030302,0.0032888,2316802022
7/15/2020,0.0032911,0.0032911,0.003056,0.0030868,1386310052
7/16/2020,0.0030954,0.003096,0.0028525,0.0029808,2070197756
7/17/2020,0.0029808,0.00309,0.0029169,0.0030528,1885382230
7/18/2020,0.0030528,0.00368,0.003013,0.003449,8332776850
7/19/2020,0.0034488,0.0037789,0.0033104,0.0033811,3659586603
7/20/2020,0.0033811,0.0034315,0.00314,0.0032201,1636615889
7/21/2020,0.0032192,0.0033659,0.0031377,0.0032979,1188848956
7/22/2020,0.0032978,0.003305,0.0032089,0.0032868,591711751
7/23/2020,0.0032917,0.003337,0.0032598,0.0032997,792908063
7/24/2020,0.0033035,0.0033114,0.0031465,0.0032113,824558980
7/25/2020,0.0032173,0.0033433,0.0031761,0.0032475,867588133
7/26/2020,0.003249,0.0032898,0.0031728,0.0032323,888157925
7/27/2020,0.0032374,0.0032441,0.0030019,0.0031694,1339892681
7/28/2020,0.00317,0.003225,0.0031238,0.003188,649930752
7/29/2020,0.0031886,0.0033,0.0031542,0.0031663,675383829
7/30/2020,0.0031707,0.00325,0.0031334,0.0032281,523325865
7/31/2020,0.0032304,0.0032412,0.0031713,0.003224,632319202
8/1/2020,0.0032204,0.0039,0.0032001,0.0037144,4298724372
8/2/2020,0.0037096,0.0037754,0.0031,0.0033312,2337347018
8/3/2020,0.0033351,0.0034468,0.0032995,0.0033818,859800460
8/4/2020,0.0033828,0.0035746,0.0033608,0.0035458,1247440791
8/5/2020,0.0035459,0.0035871,0.003449,0.0035028,1099317757
8/6/2020,0.0035024,0.00365,0.00345,0.00356,908946142
8/7/2020,0.0035602,0.003617,0.003317,0.003496,886076044
8/8/2020,0.0034961,0.0035249,0.0033981,0.0035134,624969060
8/9/2020,0.0035179,0.00353,0.0034103,0.0034664,587442093
8/10/2020,0.0034677,0.0035559,0.0034089,0.0034952,826540351
8/11/2020,0.0034947,0.0035778,0.0033168,0.0033906,1215986149
8/12/2020,0.0033873,0.0034965,0.0033165,0.0034606,829060692
8/13/2020,0.0034599,0.0035208,0.003335,0.0034877,1141424689
8/14/2020,0.0034877,0.00359,0.0034334,0.0035731,852114289
8/15/2020,0.0035736,0.0036243,0.0034617,0.0035328,1065565878
8/16/2020,0.0035319,0.0035583,0.0034382,0.0035302,756283319
8/17/2020,0.003526,0.0037238,0.0034927,0.0035877,1596549440
8/18/2020,0.0035821,0.0037165,0.0034297,0.003476,1122350625
8/19/2020,0.0034795,0.0035374,0.0033341,0.0034196,865075768
8/20/2020,0.0034197,0.0035043,0.0033711,0.0034399,483184322
8/21/2020,0.0034386,0.0035651,0.0033622,0.0033776,1082335183
8/22/2020,0.0033808,0.0034605,0.0033201,0.0034331,663901289
8/23/2020,0.003431,0.0034562,0.0033607,0.0033955,449353268
8/24/2020,0.0033977,0.0034689,0.0033715,0.0034116,697239432
8/25/2020,0.003407,0.0034261,0.0032092,0.0032907,804352786
8/26/2020,0.0032896,0.0033461,0.0032323,0.0032939,573094887
8/27/2020,0.0032916,0.0033078,0.0031427,0.0031997,811879341
8/28/2020,0.0032017,0.0032687,0.0031678,0.0032637,414648220
8/29/2020,0.0032636,0.0032973,0.0032285,0.0032749,443081651
8/30/2020,0.0032751,0.003348,0.003261,0.0032981,456619299
8/31/2020,0.0032981,0.0033054,0.0031841,0.0032073,792397030
9/1/2020,0.0032061,0.0032784,0.0031519,0.0032411,728992095
9/2/2020,0.0032398,0.0032626,0.0030101,0.0031161,758139570
9/3/2020,0.0031185,0.0031265,0.0027,0.0027692,1202524192
9/4/2020,0.0027704,0.0029632,0.0027006,0.0028797,1128781264
9/5/2020,0.0028789,0.0029269,0.0026786,0.002764,1058743832
9/6/2020,0.0027505,0.0028068,0.0026875,0.0027859,1165434272
9/7/2020,0.0027814,0.0028373,0.002688,0.0028151,930536034
9/8/2020,0.0028188,0.0028386,0.0026742,0.002747,602845165
9/9/2020,0.0027455,0.002805,0.0026863,0.002779,603901405
9/10/2020,0.0027779,0.002848,0.0027522,0.0028077,589054621
9/11/2020,0.002806,0.00282,0.0027364,0.0027956,633511688
9/12/2020,0.0027952,0.0028321,0.00276,0.0028141,538072324
9/13/2020,0.002814,0.0028199,0.0027403,0.002783,736932793
9/14/2020,0.0027836,0.0028143,0.0027334,0.0027851,622069203
9/15/2020,0.0027876,0.0028699,0.0027751,0.0028278,837946931
9/16/2020,0.002827,0.00285,0.00278,0.0028053,718768350
9/17/2020,0.0028079,0.0028577,0.0027625,0.0028078,708422584
9/18/2020,0.0028047,0.002815,0.0027468,0.0027892,596841059
9/19/2020,0.0027876,0.0028099,0.0027635,0.0027901,896333697
9/20/2020,0.0027918,0.0028009,0.0027234,0.0027729,893231406
9/21/2020,0.0027732,0.0028035,0.0025688,0.0025972,1374012637
9/22/2020,0.0025946,0.0026588,0.0025802,0.0026432,695672800
9/23/2020,0.002641,0.0026493,0.0025364,0.0025444,499113155
9/24/2020,0.0025403,0.0026612,0.0025277,0.0026297,388768314
9/25/2020,0.0026297,0.0027192,0.0026146,0.0027015,513362397
9/26/2020,0.0027044,0.002761,0.0026724,0.0026972,311169397
9/27/2020,0.0026973,0.0027351,0.0026581,0.0026954,236020657
9/28/2020,0.0026989,0.002744,0.0026183,0.0026504,360127848
9/29/2020,0.0026474,0.0027049,0.0026307,0.0026727,412130695
9/30/2020,0.0026726,0.0026767,0.0026158,0.002635,347857639
10/1/2020,0.0026361,0.002682,0.0025575,0.0026246,647138169
10/2/2020,0.0026272,0.0026273,0.0025307,0.0025902,1051902545
10/3/2020,0.0025902,0.002637,0.0025737,0.0025955,344780813
10/4/2020,0.0025964,0.00268,0.0025893,0.002633,362664249
10/5/2020,0.0026328,0.0026577,0.0025983,0.0026182,293823603
10/6/2020,0.00262,0.0026285,0.0025687,0.002597,535191865
10/7/2020,0.0025969,0.0026111,0.002556,0.0025895,748742886
10/8/2020,0.0025881,0.00263,0.002541,0.0026098,612786395
10/9/2020,0.0026097,0.0026701,0.0025891,0.0026556,497901615
10/10/2020,0.002657,0.0027291,0.0026472,0.0026621,445615862
10/11/2020,0.0026583,0.0027065,0.0026499,0.0026701,251041495
10/12/2020,0.0026711,0.0027069,0.0026251,0.002667,421633283
10/13/2020,0.0026669,0.0026745,0.0026285,0.0026385,283366623
10/14/2020,0.0026353,0.0026609,0.0026173,0.002639,216681797
10/15/2020,0.002639,0.0026391,0.0025648,0.0025953,311443948
10/16/2020,0.0025953,0.0026243,0.0025511,0.002604,445955018
10/17/2020,0.0026029,0.0026091,0.0025733,0.0025834,142653202
10/18/2020,0.0025842,0.0026055,0.00258,0.0025874,159785875
10/19/2020,0.0025884,0.002622,0.002569,0.0025921,477390409
10/20/2020,0.002592,0.0026252,0.0025792,0.0025944,417212777
10/21/2020,0.0025956,0.00266,0.002593,0.002623,436248066
10/22/2020,0.002623,0.002693,0.0026159,0.002646,323059048
10/23/2020,0.0026453,0.0026889,0.0026225,0.0026423,242563993
10/24/2020,0.0026423,0.002647,0.00261,0.0026365,212440872
10/25/2020,0.0026354,0.0026749,0.002617,0.0026528,297054117
10/26/2020,0.0026529,0.0029115,0.002632,0.002665,1878752405
10/27/2020,0.0026658,0.0027076,0.002615,0.0026702,577965198
10/28/2020,0.0026719,0.0026907,0.0025628,0.0025801,437955580
10/29/2020,0.00258,0.0026117,0.0025061,0.0025733,289596529
10/30/2020,0.0025726,0.0026002,0.002501,0.0025833,440794399
10/31/2020,0.0025833,0.0026004,0.00255,0.0025666,260150933
11/1/2020,0.0025676,0.002586,0.0025521,0.0025745,132635410
11/2/2020,0.0025765,0.0025887,0.0025065,0.0025162,291742975
11/3/2020,0.0025164,0.002531,0.0024519,0.0025141,332644991
11/4/2020,0.0025189,0.002565,0.002486,0.002546,279402291
11/5/2020,0.0025467,0.0026769,0.0025467,0.0026347,341107854
11/6/2020,0.002635,0.0028201,0.0026298,0.002757,922020782
11/7/2020,0.0027578,0.0028424,0.002592,0.00267,748360033
11/8/2020,0.0026724,0.002739,0.0026513,0.002707,244213598
11/9/2020,0.002707,0.0028095,0.002657,0.002672,438097273
11/10/2020,0.0026671,0.0029198,0.0026536,0.002761,807091404
11/11/2020,0.0027601,0.00295,0.0027419,0.002758,560505263
11/12/2020,0.00276,0.002802,0.0027253,0.0027788,209777176
11/13/2020,0.0027791,0.0028483,0.0027666,0.0028114,373289403
11/14/2020,0.0028156,0.0028239,0.002708,0.0027689,308002702
11/15/2020,0.0027731,0.0028285,0.0027221,0.0027718,323892550
11/16/2020,0.0027715,0.0030452,0.0027522,0.00289,1345726687
11/17/2020,0.0028936,0.0030094,0.0028832,0.0029398,920887323
11/18/2020,0.0029385,0.003021,0.00281,0.0029085,1015668627
11/19/2020,0.002909,0.0029689,0.0028549,0.0029068,567308685
11/20/2020,0.0029096,0.0030245,0.0029005,0.002987,880383945
11/21/2020,0.0029872,0.0036062,0.0029796,0.0035132,3288496045
11/22/2020,0.0035091,0.00369,0.0031507,0.0033415,2121938713
11/23/2020,0.0033416,0.0037,0.0032201,0.0036845,1981374929
11/24/2020,0.0036894,0.0042925,0.0035,0.0042592,5893223305
11/25/2020,0.0042589,0.0042978,0.003581,0.0037081,2828578294
11/26/2020,0.0037139,0.0037979,0.0029395,0.0032492,3248357755
11/27/2020,0.003256,0.0033656,0.0030763,0.0032752,1019204144
11/28/2020,0.0032752,0.0034841,0.003236,0.0033945,715333106
11/29/2020,0.0033946,0.0035384,0.00335,0.0034365,577062454
11/30/2020,0.0034427,0.0035955,0.0034001,0.003561,847539304
12/1/2020,0.0035597,0.00358,0.0032276,0.0033211,1033683299
12/2/2020,0.003324,0.0034423,0.0032642,0.0033624,591501037
12/3/2020,0.003365,0.0035481,0.003345,0.003429,662685216
12/4/2020,0.003423,0.0034484,0.0032705,0.003283,572169239
12/5/2020,0.0032821,0.0034153,0.00325,0.0033917,369424898
12/6/2020,0.003392,0.0034424,0.0033461,0.0033857,285729554
12/7/2020,0.0033881,0.0033985,0.0033,0.003336,312605787
12/8/2020,0.003336,0.0033624,0.0031105,0.0031723,521543481
12/9/2020,0.0031725,0.0031851,0.0030037,0.0031562,441109948
12/10/2020,0.0031563,0.003171,0.003059,0.0031043,268351654
12/11/2020,0.0031091,0.0031171,0.0029969,0.0030732,328458778
12/12/2020,0.0030732,0.00319,0.0030732,0.0031609,334526072
12/13/2020,0.0031631,0.0032776,0.0031479,0.00326,374401350
12/14/2020,0.0032604,0.0032888,0.003191,0.003226,297347285
12/15/2020,0.003225,0.0032516,0.0031611,0.0032078,273863826
12/16/2020,0.0032073,0.0034448,0.00318,0.0034183,547786094
12/17/2020,0.0034179,0.0041458,0.003404,0.003722,3421588199
12/18/2020,0.0037182,0.0039976,0.0035975,0.0038675,1409796634
12/19/2020,0.0038646,0.0040379,0.0037952,0.0039291,1386297504
12/20/2020,0.0039264,0.0047496,0.0038,0.0046381,10007395897
12/21/2020,0.0046405,0.0055,0.004255,0.0047784,10363901378
12/22/2020,0.0047747,0.0048479,0.00433,0.0045159,2679851524
12/23/2020,0.0045168,0.0048,0.003623,0.0037449,2674249457
12/24/2020,0.0037561,0.0045999,0.0036599,0.0045731,1978566747
12/25/2020,0.0045753,0.004643,0.0043661,0.0045549,1664864616
12/26/2020,0.0045607,0.0046879,0.0043963,0.0045131,1701026447
12/27/2020,0.004513,0.0048231,0.0044,0.004547,1843249775
12/28/2020,0.0045472,0.0047355,0.0045,0.0046015,1074600031
12/29/2020,0.0046015,0.0046295,0.0042412,0.0045012,1071755865
12/30/2020,0.0044901,0.00474,0.0044165,0.0046251,1118987751
12/31/2020,0.0046251,0.0047593,0.00452,0.0046709,929996060
1/1/2021,0.0046716,0.005697,0.004601,0.00568,3019717963
1/2/2021,0.0056783,0.013988,0.005524,0.0105264,46333347255
1/3/2021,0.0105245,0.01405,0.0092693,0.0098209,29648808916
1/4/2021,0.0098188,0.0115198,0.0076,0.0097613,14328029441
1/5/2021,0.0097721,0.0102822,0.0088501,0.00997,5427135672
1/6/2021,0.0099771,0.011,0.0095521,0.01042,6108894506
1/7/2021,0.0104187,0.0105735,0.0087999,0.0097439,3523998014
1/8/2021,0.0097517,0.010318,0.0088047,0.00974,2971766597
1/9/2021,0.0097475,0.01079,0.0096486,0.0101789,3706408260
1/10/2021,0.010189,0.0109155,0.0089534,0.00982,3113405972
1/11/2021,0.0098162,0.0098455,0.0067094,0.0088326,5827520561
1/12/2021,0.0088104,0.0091394,0.0078217,0.0080807,2526092815
1/13/2021,0.0080806,0.0087,0.00777,0.0086738,1818357046
1/14/2021,0.008679,0.0101,0.0083105,0.0093907,4000190243
1/15/2021,0.0093931,0.0098443,0.0083123,0.0093525,3236586057
1/16/2021,0.0093568,0.0095675,0.0090727,0.0092374,1640096206
1/17/2021,0.0092374,0.0093957,0.008779,0.0090987,1438377582
1/18/2021,0.0090987,0.00932,0.008935,0.0091782,1156154741
1/19/2021,0.0091782,0.0096757,0.00896,0.0090428,1749440421
1/20/2021,0.0090428,0.009144,0.0085,0.0090487,1162054114
1/21/2021,0.0090589,0.0091,0.0080301,0.0081581,1237702943
1/22/2021,0.0081581,0.0087708,0.0075639,0.0085075,1152693965
1/23/2021,0.0085092,0.0088324,0.00835,0.0085779,718712164
1/24/2021,0.0085822,0.0089672,0.0085,0.0087135,901503263
1/25/2021,0.0087206,0.0089172,0.0081795,0.0083509,998144121
1/26/2021,0.0083341,0.0084615,0.0079523,0.0082472,719489035
1/27/2021,0.0082472,0.0082482,0.007257,0.0074124,1121405247
1/28/2021,0.0074104,0.0374849,0.007288,0.0364995,1.03E+11
1/29/2021,0.036442,0.0875,0.0313,0.0459059,1.09E+11
1/30/2021,0.0459059,0.0508804,0.0222001,0.02826,54559388569
1/31/2021,0.0282428,0.0494843,0.0267661,0.037,44577797729
2/1/2021,0.0369623,0.0438268,0.0328615,0.0348173,23868437622
2/2/2021,0.0348233,0.035294,0.02877,0.0313489,11550248752
2/3/2021,0.0313489,0.0397836,0.0307918,0.0372597,12960787222
2/4/2021,0.0372327,0.0598,0.0358367,0.0529081,48795642519
2/5/2021,0.0528149,0.05434,0.0431516,0.0467193,16560079172
2/6/2021,0.0467527,0.0588683,0.0444191,0.0576559,17252485844
2/7/2021,0.0576579,0.087297,0.0531446,0.0779247,38837846298
2/8/2021,0.0779851,0.0853555,0.0622214,0.0787,26387019347
2/9/2021,0.0787384,0.0838001,0.063,0.0700121,14602698981
2/10/2021,0.0700122,0.0816496,0.066,0.0725527,14156312430
2/11/2021,0.0725523,0.0755622,0.068,0.069583,6327153991
2/12/2021,0.0695853,0.07298,0.0608,0.0697675,7517732599
2/13/2021,0.069778,0.071709,0.0656,0.0662405,3844449349
2/14/2021,0.0662372,0.0664663,0.055558,0.0626783,8229158262
2/15/2021,0.0626878,0.0642,0.0474935,0.0565,11321001492
2/16/2021,0.0564643,0.0598452,0.0506003,0.053476,6643077510
2/17/2021,0.0535231,0.055109,0.0478,0.0495187,6168131231
2/18/2021,0.0494987,0.0645617,0.0489,0.0587991,13034098004
2/19/2021,0.0587991,0.059719,0.0536581,0.055033,6405564988
2/20/2021,0.055033,0.0607,0.051,0.0541708,7359009281
2/21/2021,0.0541567,0.06,0.05325,0.0560183,5548376495
2/22/2021,0.0559921,0.0608037,0.0461003,0.0535557,8420498923
2/23/2021,0.0536093,0.0538776,0.0413332,0.0476562,5958874372
2/24/2021,0.047692,0.060586,0.0459034,0.0567911,11172353520
2/25/2021,0.0567907,0.0581,0.0495002,0.0499138,4913047375
2/26/2021,0.0499157,0.0526032,0.0484,0.0504768,3147923785
2/27/2021,0.0504727,0.0521,0.0491,0.0500725,2268877377
2/28/2021,0.0500705,0.0502426,0.0446561,0.0481582,2384823456
3/1/2021,0.0481447,0.052505,0.0478589,0.0505933,2752580452
3/2/2021,0.0505754,0.05249,0.0491004,0.050364,2378364146
3/3/2021,0.0504021,0.0521972,0.0499556,0.0504146,1841086026
3/4/2021,0.0504337,0.0511539,0.04765,0.0499865,1943532071
3/5/2021,0.0499866,0.051079,0.0479661,0.0495285,1714962753
3/6/2021,0.0495247,0.0525801,0.049084,0.0509588,2749264710
3/7/2021,0.0509242,0.0524716,0.0504286,0.0519871,1494562661
3/8/2021,0.0519481,0.063075,0.0515505,0.0629738,7572972187
3/9/2021,0.0629582,0.0630025,0.056,0.0579117,4412560062
3/10/2021,0.0579432,0.0587592,0.0545,0.0558692,2390746818
3/11/2021,0.0558831,0.05698,0.0542647,0.0559286,1647182774
3/12/2021,0.0559117,0.057,0.054051,0.0552731,1821925239
3/13/2021,0.0552769,0.063,0.0546635,0.0627892,3660176589
3/14/2021,0.0627887,0.0636789,0.05817,0.058221,5115194076
3/15/2021,0.058221,0.0597745,0.055,0.0569691,2409422648
3/16/2021,0.0570152,0.0591427,0.0552668,0.0586507,2003574159
3/17/2021,0.0586389,0.0589584,0.0565314,0.057892,1162146770
3/18/2021,0.0578925,0.0592896,0.0568896,0.0573485,1338098958
3/19/2021,0.0573629,0.0599,0.0563741,0.0582472,1691688848
3/20/2021,0.0582624,0.060625,0.05797,0.0588186,1939829246
3/21/2021,0.0588396,0.0595555,0.0567,0.0574781,1204263965
3/22/2021,0.0574888,0.0579777,0.0544234,0.054888,1270766976
3/23/2021,0.0548901,0.0561052,0.0525963,0.0533532,1437944729
3/24/2021,0.0534234,0.0567995,0.05075,0.0514996,1666398121
3/25/2021,0.0514996,0.0524498,0.0495798,0.051266,1665397693
3/26/2021,0.051266,0.054038,0.051232,0.053931,873797527
3/27/2021,0.0539203,0.05545,0.053386,0.054436,1176365221
3/28/2021,0.054422,0.0549,0.0529496,0.0536656,675382127
3/29/2021,0.0536634,0.0547123,0.053202,0.054124,977387405
3/30/2021,0.054124,0.0556267,0.053328,0.0540003,1399307591
3/31/2021,0.0540014,0.0545,0.0513424,0.0537699,1085164149
4/1/2021,0.0537835,0.07135,0.0534999,0.062151,15242021778
4/2/2021,0.0621509,0.062905,0.0572,0.0575849,3415466916
4/3/2021,0.0575887,0.0595516,0.0555,0.0555113,2066362739
4/4/2021,0.0555,0.0582181,0.0550864,0.0573943,1563798693
4/5/2021,0.0573806,0.0607069,0.0562315,0.0599992,2638868932
4/6/2021,0.0599779,0.066,0.0579904,0.0644047,4762148739
4/7/2021,0.0644047,0.06744,0.0571267,0.0587769,4840051853
4/8/2021,0.058777,0.062324,0.0586319,0.0617838,1745571706
4/9/2021,0.0617837,0.0642733,0.0604712,0.0615878,2149603024
4/10/2021,0.0616103,0.0657518,0.0609445,0.0637167,2780510108
4/11/2021,0.0637167,0.08,0.0633959,0.07433,14967931146
4/12/2021,0.0743335,0.0754791,0.0685,0.0707343,4300356226
4/13/2021,0.0707001,0.0962255,0.0706409,0.094402,13605840277
4/14/2021,0.0944011,0.1453955,0.092118,0.1214329,36680989724
4/15/2021,0.1214319,0.1918922,0.1197878,0.1823599,24615971220
4/16/2021,0.1825003,0.45,0.1791,0.3654434,57510545356
4/17/2021,0.3653855,0.38125,0.231,0.2822532,24857057931
4/18/2021,0.2824945,0.351,0.2397,0.3223299,18379866877
4/19/2021,0.3225953,0.435546,0.308,0.408903,20873394140
4/20/2021,0.4088997,0.4246216,0.27,0.3173205,20969142688
4/21/2021,0.3173205,0.347661,0.2960052,0.3058251,9460395395
4/22/2021,0.3058074,0.3093988,0.253,0.2606615,11199121834
4/23/2021,0.2606616,0.2695,0.1597278,0.2498155,17170003022
4/24/2021,0.2499997,0.28999,0.2278,0.27,10626242110
4/25/2021,0.2700802,0.289296,0.224,0.25159,5726007353
4/26/2021,0.25159,0.28077,0.247,0.27161,4881379029
4/27/2021,0.27161,0.27994,0.2644,0.27232,3367212939
4/28/2021,0.27227,0.348,0.25511,0.32311,13418044375
4/29/2021,0.32321,0.32604,0.2955,0.30479,4149329331
4/30/2021,0.30479,0.34,0.30213,0.33746,4042637012
5/1/2021,0.33746,0.3975,0.32756,0.39087,7062340392
5/2/2021,0.39086,0.39999,0.362,0.37397,5092764030
5/3/2021,0.37459,0.4479,0.37386,0.44142,6428014854
5/4/2021,0.44142,0.61186,0.3979,0.53854,21282557922
5/5/2021,0.53854,0.69663,0.51668,0.654,19076895176
5/6/2021,0.654,0.665,0.54,0.58106,8546432049
5/7/2021,0.58099,0.733,0.51717,0.68982,12586268621
5/8/2021,0.68982,0.73995,0.6,0.63708,11387955621
5/9/2021,0.63708,0.70009,0.416,0.57063,26072068896
5/10/2021,0.57082,0.5726,0.41844,0.45074,9677354634
5/11/2021,0.4505,0.5485,0.4429,0.49326,7553577270
5/12/2021,0.49353,0.522,0.38203,0.3916,5372061300
5/13/2021,0.39142,0.52,0.3516,0.48945,10449387294
5/14/2021,0.48927,0.59,0.46412,0.55971,10623296337
5/15/2021,0.5599,0.56405,0.49009,0.50855,5232752314
5/16/2021,0.50838,0.5489,0.45,0.5137,5377121653
5/17/2021,0.51371,0.5162,0.45555,0.4875,4268994077
5/18/2021,0.48745,0.51536,0.46783,0.47574,3039758659
5/19/2021,0.47574,0.4794,0.21111,0.32945,11489907654
5/20/2021,0.32972,0.435,0.29402,0.39758,8529470590
5/21/2021,0.39747,0.41198,0.31357,0.35778,5243254334
5/22/2021,0.35778,0.364,0.31672,0.34199,3793145643
5/23/2021,0.34199,0.35094,0.24782,0.30633,5634274411
5/24/2021,0.30623,0.375,0.29511,0.36589,4854625486
5/25/2021,0.36589,0.38,0.32141,0.34598,3709319826
5/26/2021,0.34597,0.36671,0.33632,0.35284,2385684154
5/27/2021,0.35291,0.35309,0.327,0.33403,1794158137
5/28/2021,0.33404,0.34754,0.30052,0.31123,2620384687
5/29/2021,0.31122,0.31794,0.28,0.3028,2016681043
5/30/2021,0.30273,0.31079,0.28653,0.30179,1514854220
5/31/2021,0.30179,0.32991,0.29386,0.32557,1897905257
6/1/2021,0.32558,0.38476,0.31121,0.37006,4488851727
6/2/2021,0.37007,0.44834,0.3511,0.42338,8351828078
6/3/2021,0.42344,0.442,0.37722,0.40078,5070741841
6/4/2021,0.40078,0.40249,0.35,0.37628,4035854545
6/5/2021,0.37628,0.395,0.35974,0.3713,2396911157
6/6/2021,0.3713,0.37703,0.36634,0.37143,1194622756
6/7/2021,0.37143,0.37999,0.3275,0.33146,2064211543
6/8/2021,0.3315,0.34183,0.29526,0.32586,2908803653
6/9/2021,0.32592,0.3548,0.31227,0.34318,2068160059
6/10/2021,0.34323,0.34515,0.3225,0.32606,1348789847
6/11/2021,0.32613,0.3338,0.31069,0.3187,1204137023
6/12/2021,0.31874,0.31932,0.3,0.31216,1217468360
6/13/2021,0.31221,0.33,0.30744,0.32394,1042596040
6/14/2021,0.32392,0.33777,0.32,0.32767,1310349922
6/15/2021,0.32769,0.33069,0.31642,0.32028,1015598512
6/16/2021,0.32025,0.32146,0.30505,0.30775,888434880.9
6/17/2021,0.30774,0.31413,0.3026,0.30619,680701230.2
6/18/2021,0.30619,0.30766,0.28,0.29328,1314700191
6/19/2021,0.29321,0.29791,0.28558,0.28567,624846001.4
6/20/2021,0.28563,0.28988,0.2551,0.28054,1528605030
6/21/2021,0.28054,0.28138,0.1649,0.17873,7023706753
6/22/2021,0.17873,0.2174,0.16322,0.19072,7520083612
6/23/2021,0.19075,0.2485,0.18046,0.23468,5839514040
6/24/2021,0.23475,0.26953,0.222,0.26377,3579998951
6/25/2021,0.26374,0.28959,0.22886,0.23745,5942192456
6/26/2021,0.23748,0.2554,0.23057,0.24583,2653188956
6/27/2021,0.24583,0.26753,0.24002,0.2645,1968559380
6/28/2021,0.26462,0.26735,0.2505,0.25707,1734504425
6/29/2021,0.25709,0.27573,0.25248,0.26349,1927372368
